id,answer
PV2HGr638guAHG8kuq7eAq,49782.363
D3haFPHG6BikzAFwofHvJG,9381.542
HmgGA3EHAdiDuaajeDwTWk,15604.03
DsQftV8LYfdp7mkABEHqVy,5988.5225
EjaxB8iY2XmETcwmxeif46,11010.488
GLfVFN8vBSey32BVzKF2zy,17524.678
oXkSM9VAnoLDhhgPz5rsMC,15729.978
GSCthmATWPwpRt3oX8Szjd,23768.6
LjdGjrc9nXr4tNg4AuSPpY,37135.3
7vEbmBigrT7cwuLX5NoKXe,16081.672
RehmthTCYH5pZ7JxUVpCUH,11509.231
Z5N2QwCmDCsVcmwVXcnFWZ,14388.189
gaAZLfW7fRSNV2uEmgkxt7,8854.786
VzUjPzcgoyULpLimGKTQGv,20719.81
Qdv47m3yGV8qtWdAN5twTk,25071.47
kwnSqnsrvPcFpBgMGZQiht,12497.48
Snk9DWi6ESfz785WofFtL6,12849.286
SvkYYBVkGnCPRqRrKdaCsc,15539.196
mmQoZxhmffavkeUHDZX92w,9879.214
cdWguUa9MyZE69DiZfWtrY,25522.08
mTfJUwJC4q2Vg9xYegvf7K,11846.117
EKfi6JPjUsD4JambfqD6XK,13787.184
M2kV3w4UzvoouGBU49Ugmk,9145.429
GF9BEWuUTa3CMaDacwXRcc,21944.928
9SLwvMTb6hy8tpdtGnUZ7D,6757.5337
dVuY5tWFEzycC8cRQJeSxK,28787.76
NpMcfgmGyodEA4MhhLgwxr,21031.355
PsRu4HLCxoWt4EHZpTRLyL,14400.054
S3LRCYzQ42fX8pDUVB5k4k,6257.3486
2C3AWHhoAa5StBd9AUnUFp,17523.87
FJA5tGSz3HgTrLsqABWa6w,9429.252
LwrHdmx4pF8FHYUBNayaJe,16070.323
kBA6UQMLsJuwBBTFBJdUXm,10893.298
3Pj2hNmVgVrep4nzUnnNAk,3610.8274
J4AqWPN8azEbS9uWHGukUb,17207.434
4oULhzp3SVBZPJvCniPCVc,7358.277
HCNPHWVURXyrLLDeDiisSd,14897.352
AKqcC2DV8ixneepryu9wHR,28671.184
5WZirJitjzMUU3iZ7EmsLC,19027.576
VHtCdGBXiKH6dM2iaLd4zM,12319.586
36mabNB9kTkdghcQe48Rve,30920.502
iRMcVtPvQi8JQiRpNQ6pZC,8396.549
GPrsGhyTXGR82ePnKB6h9i,31190.883
dkcqdxfcfRarHQah73jNKh,31934.234
DeVm6yr2eJPcN4xJECB859,18681.434
HyuxEryVfwBhxFnkEPX7GY,28389.441
fdWNfbZJxwkUT4CzPGaLMm,26211.748
5ua6g7kH39YBZ58r5bRzJM,10397.6045
hRo4ieCmRrD8gAaS58YsVa,13623.363
kYygS8uNuxXLdNGEpzaEf5,7425.6577
LATYU6avnjqCaV88ZrunbU,33860.7
Das6gHyQMpd692PKarmmgZ,22447.076
QeUGYSTtDj9TGhAbk6ZdQS,22211.162
VER9X3cyAwgNpWpg5BzNU6,30113.0
Dnq7X2Wg89noVkXm9ABhrj,26909.37
bnBRzc77K5eoffDrBcPWdX,15205.125
8g8CuWvpdRzxLHVZGB22sq,16768.842
RKomZG3DanWoWovbMnL5qG,30144.812
8Am39a2GSuenFL8ehtvqKG,11567.488
haDQv95a4ieUWBVhneW5Ha,11128.001
JRDMT4gZVSgQCAyGuy42Dx,20898.125
mdbb4mJymY6LTSABD4CxnP,18378.383
8qVsPLj4MNfFboWSCsaVe9,34813.477
7cuCBkQhU5Y2c2gEwBZPGh,9677.308
ftpwHJ5gTJArNpAjY6RQqG,8391.309
kgoruzfrgJMWCsDtJKehAJ,25419.01
DXrBArUAYtVof37z45Sfe4,11171.823
LBB9Ho9zZwtjywr5s4keWz,9103.906
HLiL4jGRJhjWtVckgGECpw,30472.32
KJuwn5c2P2SHa3eh9xVTxs,4248.9673
U5oFNv7aGA5iMwcoJmTxNv,11640.957
2vJzuG6Ut3iP4erMEbjBZ2,13140.53
iv848QrsvCxNXxbRUpmCrd,44328.875
9xy9t4ff6HqP5yF6diyhUL,13973.672
hoNhA89soczkP5zakZf72c,10937.6875
RLuuGt6WAwsp3MK9SvZh9b,10539.173
HDFRfsE9ovvvHAPjpaTorU,4551.612
CxWumcjZ2NeahdtbnMzdyG,5395.8228
dRUdzMx5WBdu2kWyb9tRfQ,20324.738
eCqATfXAPCEzSo5bJrHvEp,32608.336
AyeVbRkDxK4VsyLY29No8d,13981.881
DMKkJB3bX7moRzUg3yZdR7,20462.346
UrB3ffGioJT68nuwDSKqox,21311.887
jGABx9bKXjkPKobsmchwhi,10348.258
GUzfA2FWgKTJ4PFTY6YHws,17274.16
FFTZQsQrGBiZS5KZS7y6RC,16608.832
Y6tJY8VZzCbpAoJFwgNcEE,50831.49
AaNoHwJLVNwQ4LcysifepV,8721.296
CPMRr6QkZdxDCGndEzipju,12677.064
RphbpUviFMqoZ5SLXKsMiN,14128.594
aBfKJhscj7bnvKaPfSxc8Y,35822.13
hUQfBQg3kMuP5hXnugKwd7,29346.965
4KXScWDTPErmYH3d6x3Y2K,19798.734
WDs9VTcggTh2H8diyaofPZ,14748.738
Z4XAoajKi5np2Hv5v8hVrQ,15550.118
ijf7aRdfpYnykiz3v94Btd,11385.16
b9CNw3K4SMiEFfYwZqN4qL,9460.125
LbzuhnSV5S5MNNUW5eAwjQ,11053.412
8DhUJaab6BAjiwk8qcjSb6,15541.803
UEnR9PEUQUvt79oKSHP6i3,23152.125
a4P6g26CZDbpZWBrYJiWUi,8754.531
Xj6R8LWJq2no8Ah4rNwZUb,3340.3452
TLhScwFUe8JN7QFkWbJGLg,11438.029
BNCeQ45ikkFASHVyLzb7Lz,9938.985
feJ4GYt8jbcto2ydhERazZ,10967.244
KPVFJno2Xzu2eNtjJoDje9,8499.309
JbaLcFNT4BrW3TwA8x5QzH,15404.2295
ajqy3e8oWPSDtxCVYGXaPx,6811.4824
2yBW5e547jM8nEWQuwngjv,12396.632
9tXbVcgGFS6SVpDJrGoRNr,15026.466
7QTxT5vydZgpFEtdfV7nzQ,14271.414
gREMsnuD4BJqrBs6xrcdAr,21087.96
fEAP7UbhnpBJqiM4WkJc7m,9824.425
JC34aCZHQUru9jdRnmSyHf,8479.335
2XKwsk4qJALq6sNDcsBk4c,19720.615
CrV2bFGwwLEjSBnBxz4jSw,12207.288
RTQQgxddJydas8Y9ZWfAPR,26450.115
HGs9UCjsgd6k4nVt3q8xf5,14337.767
g28JCwmgG2o5GVGJgYVQ7k,6976.6475
AZDzvUdKeXzmkGvzDiBTYE,6013.9346
joZBFYPwkqMpAS7VfATDuz,10379.66
Q8bosGUHJbrz5BJVmcfX6a,13386.335
NrYPUvFWKrGHDr5zMLqewp,16328.158
iYtKE8BgLuh56KzeZZ9Kob,35451.254
5QDPP6Rm2nLX8DNEcdFzYg,17959.88
TXLvEQKHeuHdnSxWADUk6r,39014.246
LqanPJC7EELnNQj3WacgMp,8739.538
oHSCpmtdKzxy38zHxAh9Zn,17864.17
PJsbYBcJFKCPYRv2sXWcab,19592.836
6zbznBQWuHzwyuuymw2jmk,15712.269
ScuMPBXDgWgTy7nHqN6KjR,14572.523
n8m3vAveQkHDzygjarrMtg,5779.2666
GEiEk8apTM3fZSmZER9shw,14318.447
en5JqXNfgZ9aLsELT8iJvk,2594.4407
XXitjyjX7MY7EfjA7FAj37,22264.666
VP8VPyqG8cCsRmSacjTmxm,8597.661
3NngVDkg46xStecqqcVhCG,10180.7705
K3y6EMwMdszPYsGdCp4vRW,22321.812
fQvJLmeswAaMuEZjk9TW4w,16809.863
228wnKxufWZzW6MfkrQ2Vc,12331.061
dVz6YTkMkgz7dXcL8NBXAa,19525.426
oUXKLmYdcWpnFKKXpEwBSn,14138.446
ELe6ic9vERv9izZp38VrY6,9391.216
YGpSGWtY7dYstWsxW2kMoF,7145.294
84MZzqCzNTVUAcMLd8Bgn7,14138.583
h2tT6Q3JADZrugbQ5oHgru,11471.507
bpTtBQiCJyeLKdw2YRWass,9506.066
Hg9tWhXrbYvysEW5jbSHEq,8869.781
EfaY2mcmSp2L8iPN6ck7Yd,9596.1045
5wvr8jqyJQdaUkzyhc8qQ7,27016.188
XDEMuQwaH4WhoZSz8f9VRZ,20971.041
b5sZTD3RVYbKBuW4dUVpgK,14329.124
ir7xAe9KhkpUPeLFCAj9Tk,9461.696
FznddKRpUwbapx5zG9uVm6,50706.89
5rVkmEwhwWbUgy8wC598ny,10327.451
QXpesskB7ExogBE5dNvUVW,10906.111
oFHVmtmXe6RzeRJ76QDzBz,17276.873
kGmXxSKBfggTuVJyxWM9fv,16727.541
85nsyJ5MV2c6fQ99RLmzbN,12351.955
KsLoWFaALpzhzjVUrcCxRu,10521.904
W9ekEXAGbSVgg5Mh79mppx,8487.438
MpMsEBmQrexPDLMhTdqar5,10184.447
N2qv9H8atMQ8Mg7uSbvu8t,8459.307
YaPwUK44uWaiiqn3gPjeq3,15191.783
CdDZmRutRbu5sBixb33g3V,5032.986
c5A36Soz2co6SALZwRCHXK,17469.152
e96XKwdxos5HLpmLPhnRcv,18699.518
beQp4tEYYKyM35XuekWK42,11348.453
NEWSkwWmACApLr3x9dHTPT,11714.343
iwhLCKQfRCM5BzLyEshxJd,17689.896
G6fG2Cf69TyUv78KY2FWaB,31911.066
igXpgX7QaYiGNSk8EuxZE4,7866.918
FsTNgMMpxXWgUm3UD5hgpc,10114.01
WHxVUr2hH7R5WD22omT3VH,22262.258
AVv9TvWwseEcMgfaoaKyUr,15556.021
esqhZUzMMR4ThARztcnyNC,9446.274
jefWo3QeK8invGwR6pbDSn,9779.2705
PtM2dqLYfKiwfdEQB2mTYc,9568.988
QTnRSJieN2zZDfSNTDHSFj,7402.373
6UTN2qUWMVMzkjuCLf4ybf,8479.531
SBsukeXnq8dNufoH875PGm,20349.062
TyiC5UbCZA2zxFp7dtvF6w,32480.006
gsXTH9PBRT33jzHiZcC5eN,17061.271
CTwpXXs55Q6F3z4YhJr2dr,19735.875
5fQDd66fKesTtmZW7BtoBU,2033.1143
BvcaKiSZG6A9AtkV3adf9n,8129.6963
oU7AAFasCridhCRakdJECT,3436.4702
NJKDsmcdUEgjXsT3YFxwQt,10709.926
cwN96Zyd587xGYjZyGSxnP,12907.232
cRiPafgb8xT9ysChsjJkeG,9205.352
YjWio6WXHpZtaZE3GojBCg,33540.766
gTyH3U3cZSaYAg8A8fwT3H,18618.676
FyXrqD7hkuvHe6UQ7xAbc8,8200.191
jEKqZr2CnxL7JJF4J7LSNr,14501.586
NQsR6zFnEZr3eaahgCnoMC,11928.585
JSnZZXoaKGwdh9HaN5j3PV,11710.572
6BMZ4ZJ4p7ATMDpQUQpz9a,33198.645
fqP2VUMSQKTUDYPHxRdeNm,17620.018
g6ULk28mVKsCykypiixxzH,8651.283
TCmNoa3vSLUmHwmDYsrnS4,4108.238
TEjKbtTEmUrks8FawnT7xu,9700.019
9gzD92w6FaMcXP3gagDUJD,11380.088
HGUh2KrEieD5WKaLtc9ddE,12796.771
MjkkFsHutxZYvLs6aQn6Ps,14160.964
QGinP4MZt2X49tCKL8dDwu,35026.348
R8xdCDQvk9u52vFoqEE2EJ,24941.244
ggFARdpEPy7JpgNSJvUWwx,7022.992
kXiCbqJSc4dhy5dYpBdAgQ,14314.604
GcpfzmCVuMG73BojdibwPP,21937.219
k7PVyRmsVnSrnsmubXbsYd,10230.1045
7ARcCs3u53cr8cGw76ziDZ,22115.39
ZodH5adZodi8rDVUxnRKeK,16549.393
ZZCwzqLTZqjFtdWGxucsmS,17088.822
4tTBAmEjb2V4TUDgeVWjt8,11018.837
VqiMW7WJmV2AkHnv8AMhJf,11073.292
PUAD237HgWcXqCdfL8XKHd,20918.686
mDbzW88JMrnwCquFSjrAWS,8761.512
9TbF2KrFDMSnv6p7VhPdWk,27671.844
eufpGBFt9pcDyhH5ZszvTd,17076.47
EHPWdGhvN5nVVnmBhDpKJW,13590.915
N6M89pk86hsW3mEjTjMBqS,7989.811
TEvFKotjHYUmR6japHSoYm,21364.854
j9jtW3SERGJzNWmwzqveHw,31971.203
2QCLHh2LsD7BfXqrqctfDP,31449.25
CyvkrdWkEWw6YJm3NMkhBe,26321.998
9dCwymUMfh2g6rPVFE5niN,18091.023
9pQ9zDHicPaPMuSijHReQ3,8822.447
hCtxi3pVxejyxqk9jMHXsd,9138.844
WKKiLmkqniU9zkVor2wc4s,20354.588
Kg4ByLmbLpnW9wUVUFQmDf,13355.664
WcsjvjYZzyrhcXscnWpukw,11333.485
QqnKDbY37QA4tMBSQhkbpU,18864.045
4yx7K9voox7kZqyJkpBErf,15039.433
FToXRzGg8kZHjLvhJZsVm9,12720.629
fFmBvXLyTjY2JeQuJ7AQew,18633.94
eWkfrM7jDinDnZbqLQrZnt,5043.8047
G6wPEmZTCMyxxXqqH28kWN,7463.287
9Auaho23jRRmufborsDBRW,10231.934
Es4npdH7qTPC8zbBYKCL7d,18997.244
KWXtBnHaV8gpiW3dNFdNou,12676.902
gnGFpZ9TipGhuvGRnYPDy5,27227.3
2khZKuqUM4Guu4Za96H9hM,6710.1084
9zovBDykFHRMnFjZ5zS33c,10779.156
4LCAnRmgX8GzUsiHXKqzMQ,10283.377
aG2pecvAEgcKMYyeX9RsqV,22137.41
RKDJFxCMsEjbgk2nX2LQov,16735.4
5S8uEQxjEk3FDjcDtwUuqL,12885.919
A6s8DCkUFHAnccYa7giJiD,13635.519
KfUTTHCJeLaTDeckyBhMGX,9474.643
XxQhjbvMaqPPTGs6CchTcM,7969.7466
gA5ZY5rti7TRdjzdktbWnZ,5136.044
dCQrk2B9euKZes4SmPad76,18819.672
cGUCshTcYgpiaVYrVZGU7Q,8384.93
f2Ap4q7axqpFJVhJFzFNoy,24763.059
3CzEN3FJMnJujWtWwRoiAg,29110.69
3cffpLRbMFWguAmpxTBdRr,17860.352
affiPbEXpxXoeULpkjWyrE,11011.634
fPr8RoYV6JHQYr6zhfpvDJ,9443.382
d46fJERB9c9ctCfjZq5w5y,10490.605
W55vhJgeS2VKeNRpRMCECf,27359.576
o2ubRxcHBPeW4Ly98Xdrpu,22150.137
LHDs6GhW3CZUnkdAUEkLgM,15417.752
FbfeqCaJ5FmApjRU2zLddH,2863.4075
Azcy2JNAtgYSPB2sSgAPoZ,14126.112
JXcEtCEuNm3SWjzduoDXdF,39629.64
R9VZ7FB5qzsKGweCPaj3aT,7127.7236
Wb4PrZxEdWceCNhkGjweZ9,12767.135
iYvgBVy3fnEtFKEwXJiMbA,27361.943
7sxxbtDXBsciVXkGcuZDWE,18234.428
NWC2aZ8GqpXDQsABygMnrX,19048.387
KpQA2TYbyuJPbggodSwXge,5778.227
LWryuGj6XYvrTXfNtL87kw,7208.6187
mEhVVjU63XYvZEPCKntEtv,11431.238
j5xGkNJ8rdd4MJKZjoBGrG,7519.6567
eyEzKwAbG7wNzz5ZqaAPEZ,18124.643
9KSfH4pVswT75H4ZHqSwdN,21883.295
cD9rX4WH3nvQQuuke4yeSR,14627.296
TnnE3xyU647aWmopRxZ3bn,8624.713
2rqjYFBW8rvemYiN6VyQCn,21826.38
HGAcGHppRCbM3V8UepdsAt,23411.639
PCZmsCvjccw2Azv7bv4TkM,11044.894
KJqSGqj9Tq2vHuo6XUz5eG,21795.236
Lk8HaSN523engPsBKYnJu6,14041.273
bShXmmEto46oxYRLBDgJGH,7936.6494
KgUm5eBscL8hrpo7tZW3C5,10181.511
cPoq4JjCLDpvdJdTkMXByT,11379.028
eQNiA3qXDvCgxnF7Zt2rP4,29120.59
7m8pjx3o89KsKKnNSqVaDr,26064.521
nPQHnwQ5AtTjpnqmYYPDSh,6400.469
fJ4BMLxgQXKAdYNPMzpKhX,23148.756
cMZcemGTb74y6kveK2MdH4,18418.479
CFLutKiUaeYXm5vqBTWxob,11738.898
VgdLkAPhXt26XdsztmSrth,14449.882
NiyAwoR8FMf2bCznxYhYFs,10465.772
h5v65dJzTksmY9st8XDFWZ,14677.874
Y2rjiQ4XEpcUiMyK3oZkE7,9608.796
WtquF9bUaQHT7iMovzsvJn,25123.66
dmQMMPNno9nd35XsPg4osG,8871.826
FTaUPp64Fng7iDHwDx6MWk,17005.912
acmMpZdExFM2cDJEQPxDz3,5575.291
keTF4J3KGG2wEHYSKCzaRq,23637.414
7Xhior98x7kuqvnjb47d7d,8469.584
AzjRotHYxM5LeYWmJbfJoy,17703.068
VTgfhxgERr2UMWnth6uPng,28416.744
AsBHFEmdgMAHRJ3pRbFPBH,12981.168
LoTvL7eMz9GzXUnZybtyhD,14653.943
EWqfbHJkZxaLfiT6DxMV6i,12972.856
grDYj7DiDUiER8GmSUAJdU,59110.57
JvkteSjmEMGnWXou6Sjabs,9712.546
Y3YRxFpNUL8gbwZfPmLXYB,7040.4663
XpSKpkQfPQx8zeSHwWgzJh,21222.918
mmbbFZmETVrqGEVtaPy2jn,24924.615
ToccnQ2HXZKaGX4mu9obrD,25425.502
HR73saMY8CAZj7DRGb5gQY,14215.303
ArwwzhYLQPyrAXPnFGXUPx,16832.805
Qt6H4rWHs4rJPcF4yVnHTW,10801.857
G2X9Pqdz7SAp5SkwHq3n6z,11287.104
ZXoci4jk8sqUtHGJkNhKyD,22537.754
e6nVTkoKAS8VERR6rKmg6J,15378.189
5efFebp9KwJy3LXJsrXDbd,32968.47
mVtZGqc8yDGzCQMgnGxWMq,12816.277
2jEs7y6367h5USPyTSmNzs,4492.168
PCvv9AQdmzUSFczSHRW9vg,18579.727
7wnkAxFTpeZ4ijrpsrSaTy,13960.532
8UAoLw87dsCLqKHBYxL4i6,6977.959
eBVwYRKxJw7NNrodzDvJyt,10900.665
gvs2w5mFJVWqeeDtQT2v9L,9014.427
2uqNN7bsAeAdFrHFkFxBUD,7670.825
94W3Yyme4X4vjSkHCGxqxy,10282.275
kbbexvWbCAPj74YfZJ5Txm,6600.565
i8qaSPKh4tjbWgWiKwKh9f,10428.116
BYSQmECHitMJWtr5WnJ7TH,13690.568
9ED66gDpkAyGrv9Y3KckVk,21558.375
FU3ofp95Ug7R6hGy2m5z6b,9251.363
cxTUNiLwHVXj6WLvEiAae6,13071.626
QPZMpLF53fFBXkY3zcU8AR,7266.604
FouR2QgH2mqW352Ug8MPLm,25537.264
Z4eVuGpJVq2JgPcDs7aXZz,16157.913
eS2Dih53UaY5NvDT7sn48D,6388.6616
MUZsyUp7p5c2GE6zrqMCoD,18410.355
PpJcAH2WEeXNzCfVRapAu3,15997.152
PTuWEfiu3JcTQLsVR2dSBn,16024.2
WF4EFnZ5tBbvtsitFVKmgV,8620.981
Uv4oNFBnKpvkThSt4o3aaa,34570.406
mHWW2uxyQ5SaZyprBsvjza,21332.85
n7b9Re6UB26T8PbFyTNoGW,52571.33
JXAPRmEuTkodSYvFufZZXJ,7891.2915
aD8Gmb8LyeRukavAC3ns25,9685.111
agwyQV65fCpTK7M4LhUr88,18990.926
Qemp6Wq8ZLnmpv5H3JmJVB,12956.711
DZiRPAxdTWvXk5sNB6NsZS,10066.198
Et7hyc44YpaRY6S6jvjME4,12322.207
CajDBqrUCmAdvLWvLn978m,19417.059
37raBDAi5ajm45Cso7XdcG,15059.242
FRxjkbKzsFsCFKP9ainB5G,7319.302
mL3zEBMtQhScjThg33T3QD,2794.998
CXEgzMwNhqA3w3H3YtHCuD,28335.39
ahQMT52WiYXfvoQSf9d6C6,9359.408
7a8f2yH6aG2qmKq5qyVGEY,10094.912
Sk229mSArKy2qAYT695Jgg,23261.436
FzSWgouJSPRULu6JbFoXHi,16322.841
Un6EQWFCpgwPBiY4wgsjNK,19956.771
ULhHQSWzZ5GAQwCBxVSvz9,9077.404
EouFjfTLa5PjQSsE38B7jy,19275.482
D3wpcHru9iXR5DPfZBU4Xg,16368.642
2xaM77454GksVm9P3naSV8,42567.254
ehqamxUdhCHbMx9wB7eZfm,20065.67
Jsrr9N9KSUfd63o8X3oTRx,23406.234
UJcLhyw4nhJyjYnG2A86YR,15645.615
ZR7QkrJVAJmTtVLyrPE4b3,8822.845
nUJZvzWcvPNn5R2gXoasMq,11099.215
MoSKZ8u7icN56pxeYBoA8p,11259.961
Vhv2LNHB5E5BpFRYc3AXfY,13786.644
bmmrWxE9Dsn34uuf3sc3KL,16021.582
Mjbhtobui3fwhmVsrRbgLf,10138.117
DuZjDMT6WD9pHowaorHmJq,52040.605
kHqiY7mw4ybxV6vnbefv8F,50933.383
djxVoJbinwDWV3CBGsqihp,10279.296
MgGYPD9NUUQbwuJLSsaD8y,8449.816
WnXzyF8Ku2ESwfRqc8q6PJ,24840.697
Z5SGrkB3R77Sx8dHiwjkDF,8148.5947
dLc7ExnduJBd92uv43repY,20515.059
9pe5dxTbjTkDQYJdcYSF67,14081.809
ni73ozCLCh5UWXuWbcrgrz,49948.094
HEAkbVujDshQEFrWmnVz8D,21182.727
8sV9qiGikW2dsXHdrfsyGN,16205.056
ghCPwXnHChb4XR5vtw8KhV,24288.111
NqCb25jEvSuUL7yhTHGBvk,25326.38
8fZob3mEYv7rbeEULSgcAF,16909.229
mdzgbwmdax8jFtavgKbeok,6424.2905
cLnnE7h7NzU3KkEu9GTTT2,9469.738
LMzki5f3HQLZjxDc34ZUCw,19372.135
JyPUtuqnArZZTVeL7TT8Dw,10566.8
YZmVAptdCdaPf5F7DsEYav,9451.288
8YKSbsemEbNuE87WpFaqvV,20524.049
hQfNyBaCqCF2MYT2JX9HPm,32821.625
KVnUuhjxyDSpUXm3hErHNz,11302.748
FbA4SxgJZvjkfpbGJgurwC,12745.108
45UbLvE2pHU7fEXb7U9K4q,22762.15
iE7pENyGPLLRmodfPWhpx8,20676.18
SBo6fYrZzteY498A9KZ2GN,6592.339
6HxeVynWEabnMUXg7zwEhY,15925.522
ccvVXQtzbRMoU65Nnyg6dH,18898.23
BSoKhnhoaiwTAssZt4zzYS,9484.164
D8PGV2ozc6VSWQwAst6jXk,12789.509
9m6PSHzDsQSfQikDdJ92ph,17071.285
SKKVMzXn6MhJxZupAoTBKK,23617.932
ab5Je4a5E2W65bERfJto6x,8715.272
MGucU8m5xaMob582Buagey,9029.577
hN4cHhGnqaDGHeW5AKdaNi,10838.573
ToQfX5Ek6AvDN7gTjk3d7m,9743.544
ZCXXSP2M7ERP7ZkLaJshAz,27501.21
iMJ36cRBfNUJbFwaWRHvMn,15430.136
KqeKtQbDABTh4fqNKFNKEY,10843.234
8B5apMXB9kfCAdosgrdYPU,6928.343
E6SWT7NeC4fMeQZ7JwVpJK,9560.538
JRZCj494xyoSYqrwgGWaBr,42603.297
GohgrA7F6NZmnkGGUZEs9n,31286.055
JcZH8byMme7gv6x6WFC4Pw,28554.01
6RdXAzwX7wDiaCroGh6f3E,21001.658
gE4uhAbacJNw9mAVQYNPyu,16764.135
7pTH5H5gzzGm9M9vMBR5jA,18025.592
DuNAZnNdzbz9kup4A5f9HM,23987.082
CehFkQwhfLHJ8MDgntemkg,10727.179
gwMWTSqAcZaa4kxCXcUovX,13979.272
nGyB9hXCQyFUrUpzAuwqMd,53471.113
WogeuxuGstyJCkzJTFFxEP,8171.9805
jasDcRJfzQbEUQieEJRULh,9497.032
gjbRsZ3Ruubk8Dm7NkNXyt,10475.431
LmEgGkCpZfNwPFA6FjioZ6,12834.923
Phzcop7HXjkrMNtL6sEiYQ,25895.623
5FpP5HBVnMkREm9i2MaxUL,72662.06
7jZYvkrtPcTJiszDoVJreo,9391.907
hCzVocoXCxYonpMpz6iiXU,15125.795
GL9bY2KD5QGjQ3gjUdo5BH,13081.983
6m9bnHZtYeyYT6cWtSYJKS,11408.014
N85nVjL94HrsA266UBj6R8,16729.969
7aeYoqtNJGGbZwHhPHGwZh,10293.801
3b4PxFvGUmZ9kJutYt83hW,9766.738
7PhEau33MMBfUCpN5obAqy,31878.691
jUPrUmUFZmYBsM3m7CKLSk,19068.158
NC7jxPcsxyTare5wKfqorZ,10709.932
RHdD5CrdKWLRe5qd9jzFrQ,27995.014
hJkUBYzWCBZQi4wbLmUEs3,13524.934
aZptipHc3PXpRjmUqFhGsd,14368.329
2tApRyM3MwYCjKxhEngto2,8740.031
P6mjipjUfrwjWv7VaX9YoK,12135.998
npurQJgttHQVLh6fWtTuk4,31706.822
9rJUznQCs7oHTdQ3ZVwLdY,4541.8213
iHQT4sSjpk6ANmX82sWeYS,10228.997
4qgKtzoKW5NNwgdLV7LuzR,12382.078
HR6avtvdFk2UZSQA8L57Qs,14795.483
eEQKijuSNNZWJ5REXfnenN,10502.397
n2GiTGa2NMPYBK38v9Gxpo,8824.074
G9k5sMmLTHB2VkDXQcLg3C,54077.36
U59YaTJXzKb6VwEi55PfmT,17317.908
7Ah99X9EzQwfY9aVrGerDn,32879.695
msNySPEKVynf5kNL4VFfo8,11516.528
85iBFwexbX9HtYaTofN8qG,10835.157
jvFiUsQLJ8obHoTkf2trQZ,16407.834
LB6QpmYF38QBwD2jCpS2gm,13397.645
FCbvJKEZb8eFU2gA2wiZnZ,10002.444
CSjMP2hiGWkU7EqKSECdFa,15611.974
NARQLkwA8o7Nq6Vkn6mvvv,10822.215
LyuwXxRGBftYynzysypW2Y,20577.91
A7uMubVqPG727xBnqPEJDr,18575.715
WghqFM6S2CMn2nriuZc7aw,27089.045
A2QMRL6vU5DzCjPSLKwuyL,25007.293
4YU9uXjaiY73nJC4UT9CBf,7722.2773
SRXjTqxfYqpMKcWtcPZ43h,9419.495
kRAdWgv4uBMxv6vSGB8Fet,9694.741
ZLgzYcZZnjNd39eCHqif5u,18130.111
TVYaDdXN8kAa6ToYhh3XNK,25579.77
LEBeL73yi5Duxv56YeM5kw,32153.373
3fxEWX2APzjD4ADZyK8rxh,10976.5
7tVz6awg5XCYa8vmayG2CQ,12019.247
H69PpyTj8ZJYvRj4fWhxc4,8640.454
B7DuTdZKX8dLQBfRJ5ThNv,32679.514
QwVbizaspno2NtxVgQNUoG,10179.376
4awTGxnf6JeAtmdcLHoy72,21689.916
i3NX5Aio4cgwLQkC5q6s3j,21988.328
AeLUGAGyNgfXFYt2keLRtL,18471.771
fCDonig2B3aT4Q4gYm2bdh,21014.078
djLePZGaFiqgmq2t4BmYqJ,20150.436
7YcevTzAhDBFJ8cFb4eSmL,9586.637
NsxG8xodu5uw3NmfjQSUDt,9197.235
hgP5Zf2zVNfhoC8mxtR3em,26904.586
ZX3iRhYhcVvfk5r8G3VVob,10525.993
d7HyDKfbr7CjBopqhdMbCE,15674.582
T3UJoMtcDRSPrcrULyUMGH,17778.912
XdtHBgiyMWPTRFvmbdyvcE,50149.44
FGUgcBU7VHqks8skzhjYq4,42875.137
LQ9mQBPLWTVTk2NknETz6r,16883.803
59S6kTHaXPNhZYEGtygood,11796.097
8CzDS7ikZ6aq7iYDog4Qcc,31365.207
53JDTz5XsUSGvKevJSbxzF,9368.927
cP2cdWhHdDb4mYnfwA6SuZ,14379.908
aqHWxwcorRQF62VxwNNHDY,18005.64
b8YC9huQkXHeWEcDYtiNFp,37223.832
8HbdW8ock8bEhK2w4SQGNH,20266.904
jXKTTaDzotLQk6HKxaMhDA,11405.127
4NLjKG2kn7ZZ7wrv7rZt3A,6709.2207
7fyyx32ScBfwxdSQ99NqHR,15849.268
UUiGaScKm6QW8Mw9BSRsqP,14130.89
Hr89NvUBiuccvoonWco64U,15835.89
SeAtihBDX5uwrYYLfbX5Fc,6910.4434
jGqwaSZJ2KDexCGqAJ2Zis,12627.926
HpLnoerX3NVUyzDnytac62,7469.193
cNVbCdFfHnqM5zGBXWWxje,9606.903
h7L3U4Wem3j5sLDvv4zcHv,30551.709
PKPCVPP2EJ6aW5nNRHsNE9,6222.1255
Yu4zgyGyzqLQzwXk94zHRy,10677.309
WdRajELcJeTGqgvUchtuiu,12003.44
LK6t8PSUE6McEW8hPBLhyk,18203.45
LL6SeZSZMz7wdmnjjRVTcM,25793.209
izRUsVxpfvJd7nzDaB9Xxp,7137.941
inc2SNCxv3otTNp2XvcFTv,16215.587
PM4SPG2rnJ7YSC3dXbyPVG,11947.763
SwUi6TrqvrZRjv4oD6GXUy,9648.339
eSWJNzk29hSxvK7Hwb66i6,24171.482
AWKqpNMNAM6qXp5XffGmAz,7422.1646
YGKvgVYiojvUWgbvRWzNze,11784.453
9jqAa6T9534cu4Ybe6bqHv,9882.546
5JuhjW8wqctSmCrdNhYity,9094.39
hqy5kK4nYsehYVEqHU5aKL,28454.387
68tEHUnm2sRwzgEojhqbRi,26432.4
TKHRtaroG2seWDmtoS7SZd,21446.096
Hxmh954K2sVzgb9JYu6Ccg,12891.005
APH2oiqvDJ5H5hAcp5h3kL,27733.107
nc7Sns2DobRcjwsi4JGjzx,8270.883
kD7iRkPFYZjBXcmByUZCNv,19890.404
iMiYiFGSSKwHHYuZktfyFq,9157.996
mtEh3kgLmCC88r9FRkHZhY,10198.356
evCdkDNZFwwtE3m8e8NPv4,8173.118
EgfH3mm74Y82wKBAPEnkQa,6302.288
dztsG4ErBjMAUGYM7SqPBP,13416.017
PsyQqZ9CVczKo3orRhVUKH,11778.46
iubbRov6bofxVTXRRh6wco,32868.418
kcJPLyEPABmX68sg3nDcjL,16435.12
FTEbx9PVZDX9FhmbUU86BJ,7529.766
8nxQ4xUSEdrYyvEacCEVrK,12947.699
DgncK4qCdZNNi6AKtrMCsf,23465.893
5zxyxguAHejVgqFGsN5Tej,8212.168
8J2XLS5VFzaSphpbwvMu9i,5940.8296
UyPa2yb55VsinRkZwvfJR5,30938.588
nRwGVmTj9DpxBgbBNuiQZw,12840.531
nmirddviQ4QSo2G7rxyxQW,11596.546
4RnHKu2YKRhvBKbGRdoVSC,16079.489
XESb6KSc3XBJZ7uTnhkybs,3948.0896
S9kjDHa25jmj8De8g55BG7,10366.303
5DUZE7yQRpA9782sJx69on,9740.862
h7P9d4QcJ2qddydrN2SM67,26349.229
Ai9yGFV7QbVdjA4qm9PFQP,15839.147
fw9uhaPxosTeVWXzb6SAYr,32139.223
HZoFu9NmmytAKBFES9rAbx,10869.857
3B4Pyr5v6MBoqLwM7oA33T,15456.742
TGxDV5aGvXnWvAoGmSczBG,12696.298
VmrXPPeQcYJCamsuycPcBe,11627.96
bZcb84kso66pKsXTVjpoRS,31094.217
9QwpRK46CMVEKvsZ6gcKzf,49788.69
AmsTraYWV2JaMyzdFyDh95,15227.427
aPYeviRuu3nT63LkQWeR9k,23348.182
TwhS86PViFDAP7DyKxFscx,9287.555
BHh4QTa4hL6jWJsmqrpGCv,10739.116
N35DLW54LAqWfUPbUz7K57,11608.236
P2VLeHFyJKjN8faKGEv5fB,18891.191
Yg8seP4qsYytbVdZqYSx3e,11131.872
696iN3VdrGFUigm2apGbQH,8927.429
fGC6MzitNkj9hGcVUTBqWs,11912.668
nYtDr7mRb3ASGDuSGfgHrC,8495.963
JnthvGSZV57Rvokj5JGznT,20249.898
cn25TXF2icbjjJNpSwti3S,12374.598
M7mnFV2PyzV4frFSjFo2fh,22779.084
jrB3jsQx9L39xmjJLgLw9N,15613.904
PdcxWQJJhhgFCT8vBEzetz,10757.646
hjtbdSaciK9Ey6wiZPQT2y,9561.34
6D4wvND6M5UpewxyVsH2gg,17418.016
Gnnp7EuzcyF3xPHQzkviab,10557.812
MVdyUt7PjQM2ztNybf2fSz,21606.379
TbQS9uSer5aXWsvSmdt8j9,5162.951
ENVm9yPeXborefFsJPus93,10959.485
VkuKNGNBi86aL852vLF3fy,5757.109
DwzuTDynZ5tWDpTvXvqs88,8435.395
4EjuEqwMmPnjbDNu5KGu4h,8209.942
ZhjrtQp7yMujwJM68FgQV3,4868.838
GLA44z22SuNiPBUMqThFUW,10416.949
KnSjqeEaBdx6ar9AnDyfrB,38180.39
UQWUmmoPeGZLJPGRTAdJqd,10345.575
CfqvUYVrJTNQUsWrnfQQe3,13423.634
KVwgFUJkJT3BgLm3jza5JP,31686.64
akiJCbfUQfcv8HURfmrRCw,11439.142
6NdZr93BSEwYCxHrdArGyX,6454.34
EEvBtR8SDogWSeLgYne3Wx,11834.007
Rkqq3DeXpqbWfmkALqumr4,10353.616
gFNPkbKhN8vrNWkDK3v93M,7894.8994
dVtLswthRUzpKRVGbcnSEz,7768.7803
GhedMpjq3i4WAxaQa2dH9u,11262.144
7Sa4NUigTkw9T4DLoAUwEq,16253.172
dvn9QZdz8dVDYFY2AwWmbe,27098.553
cUDxvRMfrDyw4h4Enzwj5c,10832.495
Gaa5Pom2yDjqsZEJh5GwLs,10120.838
k55HksjqCvaJLRoYKuPSFV,4192.437
2gpo4qe5JBwzc7SVz8FRyf,31191.111
BtWLy7VkCZ8TmWuqqGEiuV,12454.889
KU5S9HYxfKTyYnAidr3PX5,13395.31
MFQGe4BFTJDNziVUbx39ev,7345.868
ZB9kdwsdfKRSZUKdmq89oL,11565.822
T4sDHqbTKyArA3cJ6h4TfY,7635.5415
VncWtbT7tUDcmjiMFNTfZq,10962.114
UPbwWRrjJsXLm7HBQX6pgF,16008.994
TgLzWNXZzP6aAictQgmsLK,52412.426
DvxSkJgTVRW8TsSqghNC8Y,15896.44
j8wd9stRmnYhPCTZGp8uqq,54901.555
FVzsJ65FX5oLVUKFfqZWsn,30767.963
XCmxcCmexX97RyAk3hVoKE,25556.445
J3wWu6RR3YWdPdKQhKfdDj,16019.507
3i8BmLYieQjSJVJkHLLoJo,15389.148
CXk8ntpPtnjoTTbANZqN2o,18611.688
8EbLzqvYer6dK7r7SxbuFg,4875.42
nFx8VKA2J5t35z5fusvrVt,25702.533
ZKHUbexENPEkpMnjhsmVDA,8023.816
a5hosJHSLosapsN5jULjAM,17910.295
R4D2m8PRGjrkte94zwCihp,20453.09
JFdi87juEUcSmGxtFbaEmZ,21207.795
ngzHBi3jZaPePVv9rz2foT,11049.977
GrwMqAkMpXswYVrgaG237w,7679.34
ks9UEPStxX9iZsp5DYCtJU,6736.7715
5N4kGJK3WR3imemxsSdqzA,12333.055
QbzpfUWNrnNE9ogRTKHzYW,18279.725
RzhqUF7RwTkEfyingLPnz9,9760.372
JijnaBsSqeQFY2u8Wcha6J,23498.78
AB3AfwqvvvJbJmEn3UZ8pk,3523.2449
864JNFccPkXE59DBrqy5qs,8196.664
fAG6pdCe9pJqgFnGzWD57D,5554.2
YziBp3qSvK9PabceJpFtg9,10659.3545
d7nMQKCaZXDFpZy2C25e6c,21317.477
3j3cTtftXdB6STofVcbjuD,18653.281
fd2NQEkgfG2fddQJ3kBTk9,9488.775
d3xvYJNc5H9LLH7UCBX55x,11071.579
Bdc7ULUDR6tWMaNXyK2j9o,12738.409
LATJmXN8nbeCWp9RqVQDo2,17513.904
3HZYUUoosDELRkbpmwfDuU,21195.656
eMueEDcVCuxteFhFwH4Uep,18517.264
oKa6qHoUk7TxxpqtAHsaek,12982.396
KiLuqRUGaEWywxBpaxhDcP,9406.919
HfjDCjmXB39hvfFZXC4Gmv,15758.17
VzT2YtvbMCzXCwAcng76oX,17042.172
fAn3kjVkmM994TyRFGfJjG,13197.051
PhjY26DQsyDeRze3wFyx7w,9286.807
NovjPMMS2zRP9DxX4vZfTo,13057.509
eEohKpzuoDre5AZGH65nL9,15469.464
DaZ4hGMsgsNfnyLBnNrCAM,13522.932
GW5XMo69RRTPh8rMpjYZJd,24487.748
4NMgs9HZxzwYxSng5Nqn6V,4264.7314
E4jJbFqyFCeMoF6CUSzvQY,6771.1157
Bj4TxQXgTRgAwbd2aMGq3P,23638.836
3ua3YshvRPDeaw3SnMHUA3,17769.498
nJpc5UpafY4VKkTZqraDQH,4437.0024
fZovVirzFH5QZF4cCj7ydp,26546.125
cTjRVNtfeTCXJLS8z94PTP,15915.577
5eD3CPBWwDVjMdJfAkAopM,11610.706
kraFDj8Nr3AUVJnHe7AZBj,11001.914
RBG3QoTJHx5nVMjBUogo4s,11089.783
WxpsVcimnjpEq5bocEMbpd,39285.188
37LdPZfU8ypYvCw89ibiUy,11675.555
DTLp5xoX34pECyGnHVgP3Z,10993.794
QHS9FETtooKvk9a2TQe8uo,13351.078
2PxXQzrxkESBNMJY4Tp78P,7979.26
j2CKxVVgxETaxVndwyjEec,31881.945
RHbFHhLNYW2CLKYBC2yuCy,20764.87
Dxwe3JBhKoQTmjmTvtQXEv,11933.916
RMUBwvGaCtDZggSykmDfSM,28294.729
JgsstXUvnoDYzF7PJD7GDm,21214.654
44ksccWXpMu9xZHbrxH9Kn,9076.738
hZW5oHNMP9iPxuapjQibiD,16583.564
NveufX9ZRqLEhaXRbaPdS6,8195.824
dTRsf7RBnZfgDhGL5F5hzf,13731.658
iv68LhGHdCo34dsHoxXvdD,13195.74
V7XKrEe5gDUatY7cqCbDrm,15190.826
jDYjTBQcYeBrq9ryujjcvX,9748.633
gSJnujg6hjCQgwVEMAB6MK,11597.185
o98eU6rM3zfgBxGnTXAVD5,5680.9214
F4dFChGY8hyW9eVNZWKv8G,8748.025
QVtT6RRbeZ2UXJC7MeMo9K,12699.394
SrsuPsDw6DAceq9TRKjvWE,5269.643
cfYxkrPnwysz5CdiJKQ74m,8039.031
4v3jN84TcioFnGM952aZBv,11325.531
URnr8LGgYnX4T2G8Qtmv7g,10568.749
FUWtKQBsYV7XV9npJJmRbh,23833.885
nw6aXpHmLWqezmJsXUEe58,29602.56
M6BZhTmJXFgKk9knunC94x,12461.655
WTp5x3dHHuqhMhFdfDcn5j,13679.207
iRkUR4JzkEnvCd6njCibGc,11960.878
WqRS8zmr9s9HbCwYeBKpk7,6544.246
kwqpm7sgjeAVUcdirhwFof,13019.707
7LZwx4BytS7mt73SsefEJc,11726.564
EdjiDNK3JtutqFHA9HG5by,23438.72
AgK2SXUho8DB2TZH844Kif,23146.773
KcHPVNzwaGTidrHstdyvi8,26860.398
N5Ws9BxaxW74Xvtrjg34yY,45698.184
N7Jvq3oezwqYZpuET2fiFV,33572.64
bEuZvtrrf9tqq6gYxBSk6w,5667.923
WQifnq6fzKSccs8dzyT5un,12023.414
jX298xWTxsqSnzzP34ZqxU,9356.889
PEES7qr4dz9sYKgin3YCdx,7349.907
Bkheu7ikuMthp39pVMhBbZ,12923.314
ekRNGJb3bpRve7SbBVrqDq,21177.654
ShXkieKVPK6qokmuVQsjrC,9245.37
Dwu8BgFCUpcKHArXCT9UNw,15677.717
SWvZyJUzbzwqdkoreBEfeJ,6848.9756
76my6ecszQnNziBAhU7dWh,10203.541
TRgFVTv65wHRMSJMZh4XjW,6271.08
nBYBbFG6KZ5bsAorZ9dtoN,36832.64
KYdUv9LcLGzfA8ef5q5ysW,18553.559
cFevQfPbR8VbiZDK9bA8rR,7422.335
YAinLuFAhwhQjR78HNTYut,8335.722
BH6MrR9H7GZ4hprHdaWijB,16759.004
btzRYLugNwXPDE9gL7dryP,29772.24
KtdVnecrFgwUWTR2FWyKLJ,13922.719
YhufkqZzCD5cpECnxcGoLk,22946.53
7ssQNuaYmS35WU3YbqcGCm,6838.823
cGvK8fZAZWBXb8CeYf9UzF,10492.68
7oXScBomYubELJDrMtp9Lx,6210.9067
Fsddv82fCYbeHvdNUNbp8S,6455.8306
3yRdqJX2q8c3odtCn4zDxs,2753.5706
Kka3khjcZMgj5SXbPx7FHP,18640.555
n73FGpt4WUg4TmktYroM7u,7435.3867
YNtywJEVtgg3SbYvrNbNFb,22965.205
8dDqgCCVCg6gPPZEdxomzt,18150.766
Q6cyidwD6BQHbuJHSTvwrH,21177.654
9ocpMtKGZiobtfsa4o3nsH,14107.794
mPm3JndaEszPoq34eD8xvp,10240.474
6n68tABrqkRx9QtitLR5b4,6647.0312
65JGC5kkN4rxGk4gAArpGE,42359.516
NYefrRLB4N5nEtXruyH36M,19360.22
bmkABqRck4czsgEuVCEPGU,29542.793
kmnAJfUmqgEMvhHG3u3h4g,19406.092
T96fL6oK6ebUu2gFaC4F4F,19786.363
mXZEcMJSnXXHruEUeVJrRg,22147.307
HuGKTHWtvv2nZ5CfocfnpY,18412.244
NdMkRSJ5nEr8arJhRsjy73,9220.001
HEdUYapFGbkmpKeXrPSoXF,8925.153
mtEhxV8uUWcPpGP97hw8rt,6142.492
PQGps7ez6iHKkscJCyznUZ,17497.098
dCdJmRVXexNT7ENro9SwP8,48008.395
9q35memKSLHrdaASwJYMr8,52492.547
9csLGsr7iJGzXBoBvjhHhW,15773.017
Ra7MDvXX8AWMBk6Yk3geFc,7451.9844
MeuDAjMBbWNLwCPU3DqE7V,7580.588
gva9bfD3TEprcp8mQkt3jm,14347.515
nse6KZC66PpEZt8j5QFHYj,9770.712
GL6H2Le43hZ8otaGekFvRn,30760.928
WuDE6huZuFAJxmNzqtHvq2,13805.513
NAnycoxJc5VfjmLxXSS33a,9762.92
Qc68L8bk54zBE3wp7j96RF,10380.914
PQYrbymBLchcCj4FxJZhBq,17577.004
TbTgCCDXMC65CzvMRg8gsX,17156.293
a7Vfknnyx32Z5QW7pPc9Dd,17872.914
RqNZ8KbtqamgxUfBuiab4t,4397.96
cgy6vFyEf5Gii5jew8VNsJ,9346.804
B6WvZMLTzf4sjXGnsQXnBb,22450.824
g5hbQqf2UJKLQ9xZEqsaia,31511.172
JavPFfKBhKQqwMk89hDkC3,18368.537
AYd6MmTdPzrAS6ZsBnbjja,14036.087
Y9ThFFEDfWrbNo4kzgfvCZ,11992.603
3TEQbDQUvh8bGEsMTRQJZh,19949.475
BrTPgUKY2stct4i5XBGSmf,10573.299
LH2fJMoTEymGfi9PLMyvr8,15585.135
fsybwKREFHBoWpVfAotHGo,6705.979
FPgnSW3nHRJbiJGxkBgV5d,16608.832
DZtDKYXiStGWe9dkiTbHUd,10793.216
NxKYWcXbPiTpnfsWBFV6EU,25282.762
2xhnXw8rGL8xyaKeADyAk3,12709.146
gSLBbtEHrMCByXjw6HP6kP,11445.56
ZrDGL7SqzjzwUDRqP6DX27,20176.979
JuBsmnYvppy2f7rhhEsBDQ,8265.406
6ctRwXbm3H6UWBa8XttnAS,13585.755
Fgq5byBTqsjZrGZYZbSBpo,10387.777
HWkmDYqZTHL3dmQoAL5LXY,29317.242
7Ch7K59WXipUuYmhhZBSWZ,9146.887
Ypn5JwL9za9QPzUF2ausAH,22439.998
ey8y6oxhs2WDQiWdLppsZy,7915.8286
4npU2eSnxamfuzfaJHm3c8,9777.688
VXXca5h4VBRMrGrwGZmNHp,2648.7617
56whcwLqf3cmc8N6PbYa2F,9628.237
ZfwEFL7M7JimMtyYz8zN5k,3913.2554
ciDEpCFfmm2UtgtBsQTLof,37950.004
P9MCv9AnhdNVCtse8aoM4y,11258.874
eKqJWHcwyuMpGQazeWNwUb,10038.452
oGj5noTEZjMuciaQqTM5cC,11261.01
S8D8hdAoQJmWrdVuBMBHag,10578.598
7bYXtkcXmmuVHxUwoTwXb6,41197.06
SPfPEwNRgGvMvoHbSRBspn,10717.632
FkjEYr4xnkp7v7d2g8GmNx,23132.854
fNgwem4f4DTipWtmn4NU62,8167.7314
aN3zzcq5W7BoYDxuoWYinQ,9431.548
Bnu9LE6xPez8GWUgP3rB2C,34405.65
P5GM2NKYLV6Zx6QD4febVz,14673.77
PEbQCb9t3HkKWEqWzRNNQu,17570.303
HjpDnfkBf3fwmmC2Ft4z5Z,19505.914
AyWAjRpxSgePsVYuXoD6zL,11163.909
EU5Rf3tCa4Eyu3ZheKhvX6,18670.13
iJwrBQAreUh5VhVYPLirSU,8975.657
JCM5HmonEZKnAxzx2WtpKo,17393.732
ntVpYaga5bsKU3PkhMH6TY,10276.004
2nwxnR8KihLMvN6aZjDstt,10538.182
V7PUHB7oMnTmrYF3yCAP7K,33609.99
d8ZosT2Ho4PkZ7gPBSAYqQ,17547.256
KpL2kKR3PF4NSWprmNsMNd,17281.193
mLdBARBaFHft4RX9LJqfQE,23451.127
E7otxf2s6Ew79H2FNGRLX6,13368.07
ZxFeS6MrpnYDxNx4uPGg8f,8609.939
QDbKgQBCnYxjMxrbQvZBCn,31061.777
S8xUjTvmfA62GRebzLqsz7,26417.219
96n7e7zCwBhHDFyQsVCLtM,22951.115
9VTxGopRjcJMe29KE5iMA8,9784.023
kh7mfMxbN2UE3d4XbrDwX9,23536.951
ULNkeR5NRtyFwComCg3pRt,10457.052
MQ9ZSLjkPWGsNC77MTRuxW,13708.673
DEWyrjqB6YwfRLyf6UouWL,16612.885
dDZUrr8LTR6zKNhospdmj6,21104.861
eoTXQgTezW4Ay3gy9rqnay,11420.099
7yTcPVRnZMTGQLSCT9dzGr,11846.972
oT9gn5kScM9pJ9L9jYXZhq,28871.523
a9yEzumkT3TTNZyWBwPwH3,26492.16
7uUxfaY97pA3GPQW6bYzp9,11198.421
mXQqc9UDnxrxvRfY5y9dLG,7603.8506
foVXbArStD9rD2YkGNfBBd,17075.875
Sknxzj7yxBkVuAvSenwjjK,7781.031
Pp4EgpymokW5fKwUECu7PX,6333.704
dc85sgr2xwCwgwLikpHk4b,28636.945
f7VKFxVjUt4kcRfnR5VYoD,15807.915
8Y6acZVf4mKqaXjs53sWZQ,16484.578
A6yzQPBygyVyXSjzhqpC7T,13552.199
fpBDRYYFvSM3rpQccg5Nak,34352.867
7aukUZZyE2JPnkgbrK6R5w,9389.381
hMxeC5H2ifMJCqbTyQnJVK,10497.061
7UDnGTR3B7ZJGGYTV2WUum,11874.214
kX4NrSp5T6BLVxvG2a93qW,37433.953
4YMrbJPeQwrSkHXs6XFUb4,23099.83
CV5sMhscm4rbqL945jRRAo,21487.525
kWiwnfGV3jhgfdx9sBPXKS,43929.883
TnnFm5xesNiwdgJsMvSABB,6978.972
EJybLTJyEGgTBkFqtiQW3w,15231.049
fdVz8NfBpeRH6L7T53ywxA,13894.421
7ikvkMH4GqEnzTd4KyrLPd,9942.848
EkNipUr9gNGhFJpQNT3rFt,23688.654
JVbXwTf3ehgxtYWKTuKDk9,15315.722
RQo6RycfTLrkpuKP2xTxpC,11480.391
iSJtJrsjj3o4icnSbekePv,6891.3945
PQ7g5dN57d7jqCf2sV6oBo,47252.824
gYZRLTHsMV85Q8ZpfoRDvZ,11481.751
5ws7Bop3LEXERAtKnQfG6u,11529.211
Lu57y9EkvLTjnJDTAQexjV,8127.5327
FpNQiYdFjCBi6FRMjWy6F7,19151.854
Zs87NYr9NrDWttmNKYvRa8,9800.333
D7TFsf96rugavKMoKhGhDu,17432.824
5rFtzpNgcgMbmRT2nQPfsw,15569.563
JtRbiNKhiwpaourmJnGgse,21413.672
mzWdBPevbRXW2k6LfeVNRT,16999.78
NiaZQsNe3pWn8RJYvHsv46,10362.582
eXj6x9MSgcT82dZnbPJSNf,15696.408
7kNdDvHkV4czA8gBtK8xu9,10474.185
nRRwpc8iHxSWpu8FvTASoA,25821.02
6cPTy7bCn8ib2SX8LAb2hd,27004.068
9SywzzPA4Dxri8jEdVoGwq,12190.114
fQC79kYoBn8UBYNJbAqCB8,8636.039
RdbBEk7VrUPoBNGiwqvZmS,9530.823
RCodmaH7Yx6hadeMDSsqCx,15495.367
PgHHQb23d2rjxJbsfCCZf8,52089.895
6GJuDd2BNGmVW2geZZsX2p,7705.074
AZBzZs27to62MTqFxWjBEb,10265.258
9Y55YnoJo7qfW855qgLqr6,13569.646
MQaWQWrfk9bPQNXHeFDb6G,19165.072
MWJbzku2BG8w7igCEPD6Vq,27414.734
AFLNyidFDWJBsUDxJBenTA,26481.396
TD5xqAGfwXV6jdeyM6YL3T,15135.216
SPpGQVeJigspR8sqB3q8zK,12144.119
FtWDexw3STA5R79HWWBHMX,9741.2705
KPp46opfG2xEiHqgRVDhjN,7821.0586
EAnnhqXHmYv3cbj78sGRk9,8618.641
hxJr7XxVmC3BfatbM47JSK,28838.477
mZfSYV8Hb78hscrCvDamPt,15052.077
7x2xHM9cqUED7WRhKjaY5G,22792.666
Y8w5nN6iVC2nSgaFN8oHkx,31935.53
H2LGeioMLgoGAjZVJVeGUZ,14465.269
NonmsYtndqkoz6ryKCjPDm,23238.63
LN8DU8hUbdriGWSsgvjuoE,27546.938
NHEkqji5ksMRzG6bTufdin,34829.92
E6Zw8KXFhPahFjtm8X2J9g,12866.474
SwtfqCNZLUVWyGtFbBBJUR,7487.7417
Fv99cTaQuan2dCxcE5RicV,24504.803
54BZBzW9ofXnirB3HNKYEZ,27394.385
8ei3nWkv3NiV78JfJGzcnZ,9039.373
nuTrqHj29tY4nmJDZsXfkk,17690.588
oJx4SUSj5RimHXXMVHUUgx,35173.055
ctDYMYusjsfnvoF4ZqWgJk,7294.7256
gp2cB9Cd8QPAm5heZ3JXKe,10379.037
PTeCAjWNDF5WTC4qdFpdkr,12346.738
RZSK6AkwAjnQjML9uFzxF5,5703.1772
gXXiLLrfRcLCjqYMMmf5DC,9043.259
BWcMQSQPGn82PhWVwgJh7L,16832.059
EmoQnPRKYoQmtYon3KaA4d,16904.477
ctp5xoeWdKD36RL3nT4PzX,6549.7163
4oFciM7ngJD7RKxEVsqqUs,16717.158
BCKcQHACySekMsrH6tuyxz,5490.356
WXmuss77cuxG7qbCLYwrTf,10808.926
NjFJsptCADqQkENAD9ujd2,34427.875
HDBrJ7nSAwradr3G7gRXjj,9049.098
hj8CqcRgSJp6T9oZrg9bBK,26990.986
6V8TNBdhZnMfxuKjKS2ZRn,18220.326
UK8y485r73tQrDKLzmCEFm,9728.472
bqrmj8SqqiDfGMmNHyTs4w,16598.764
LPyaUabjkHUMQTxcEAWDQn,15332.85
foLZ4LprUpTfZ3iPfKZdAc,32316.857
EdAmqnS4HCuFnYygtYQLMv,65175.773
7QJ6CW6kFEsGqq5hkk4jPg,23612.412
9jCrNmarmrymWhhpZr5tcS,8392.984
BNgC8EEnSZsxErBNKj3UJe,23565.047
YLSxirj6bLmWxTKWzBFitD,13945.246
6tFUYDqfxx2Qm6DXRwQmzB,18472.3
PyD2bDf9DE9xwqgeCAvRcE,26669.717
QeAtCzQPF8HtaXwgqk66ET,22634.799
CJH8fq5jsi2YLvF39QRAMk,11639.192
kJjNbDqnt5EwRhKmP4SsA7,6862.587
CcnLD3iu5zxNQ47iYuKge3,24520.314
RDNWiuuzVSJVJtxzAKQEXK,36376.695
6YETMPxoFVb8TvBoaE574S,13577.984
EDWgYGjM5t6bFn4nsGX47a,6693.4106
JdVHZMRutuFMNLjCGHKFCt,11739.902
iYcgTMgkrCFAGf2HxSdpRE,28020.934
e9QPQGDwJH8M5sXEmvpiry,11802.529
JAdZhgPHbxw2WdeaxWHom2,12867.813
AYMHZMshWadkQnnGkogVaU,19552.352
Br797K4yQvDkgP2WTSgvvE,21453.828
TJuQzoiod8dYFF6gSB6z2H,17672.467
Mw3NnJwL4aGR5btj9cCyCs,31792.86
T2iCuCS84WK3dSiNN5JsVF,13979.008
ZL6HxANknmUArUVumC758Q,11754.619
oHFLeA7xh3zB3nfAmzinQW,5622.9478
bFbeUBq8enEH5MDWUhmPM8,8954.757
mSxmqJ8rTEJU72U6QjkWhX,8634.658
CdcGECfsX4G9qcPiEMdVva,19496.354
bNUzGzs3AimwRmbMSuMekn,10485.317
nTpT3Hxm2grRa3TZT5wPUp,6778.8633
7MaVs7U6SirUc8kMKFMxWk,23144.934
BcaSdNbHbvZ4FjYdcNVmid,10716.887
VHV28oDMFopqAHWrWJcf7F,13650.369
bnpEuLZhrWaLX4JHyHYQbJ,15819.459
iNdGtSPqvHoBwzWBDfUzf6,21767.494
UeXoeo87gcNRwS8LGHj4N6,15895.743
NiV2cG6kCFZKojQt3BkGFG,28085.54
ieoRa3kcMinux5AKhE8sB7,7858.7188
CDPQpNYihe4RgWuCPXRYN5,11167.483
VTJLbbviP6Er7JtsWanCxH,12383.648
Y2WhrCagR7jmgNtpoU3bvt,13891.238
fq5bT96UZCoyMbQJLyYSTF,14954.375
MfitF5CwHXxEXpNAg9JH6G,6886.854
jh2JcE9rPaD2VP76ukiSYa,8529.863
4dTDSJKyK6TScEk8api3nc,52715.21
f3JJ5cLQGyzc8ZBkgNcG2j,8277.08
W9gcJGYVqC443tjrmH46VU,40597.434
ebZcHaUiN6jtCAspBRTdTH,20186.91
a9XDBB4qYz4hFJuJcwphFT,7277.8213
hcSE8ZidctyWQ63pKbsmrx,16415.09
8szF9aGLeBViTJaD59RBhH,35630.56
NLw8aqee8dfk7qCQBqFMaY,14760.783
MEJkJ9iPYndjRzAiarZ9fb,28119.254
4pVVPpQktjGHfxqV5uYmDP,14513.973
nQKDHEgrFJZSUL76dKkcg6,20947.832
BjshUk2jFsAhegKTud8BBs,7375.631
MWRQTWrENMtmzpeQPoXRwC,42268.133
37RYLzZa2LgWsGowxNCwtA,18502.803
C5EhvA9r2QFegdo8gRZC98,12005.9795
WveVtYgNLLxHUi7iYNcGHR,9727.37
VxQdwY7S8ykyW86Wb4Gb6X,20798.658
826GUoQ7mgzMU3pGaRtcGR,22068.38
ULwynuo3kB9CqViKXMdUFb,32530.8
bcPEJVTrs8ZWt5tEKQR6N8,28397.736
5XbRjCeHNQn6UjasRBQ8b6,11736.066
WGrAhvNDH7E6rKFSyDqNaE,6950.325
j7vs7C4tyFkZ4QCodP7VC5,14755.883
93J8aek9E3DRLWpUB6Uqu5,11658.491
UMvBBi2KsCAnWe6b8jQdpe,9771.861
2V5cHruPdTAkkEgYHShCBy,18095.516
5M2uPRagHzcAJ6AGAPFwHp,20234.01
A3MKDbnTm3P68yMzTyWWaG,33444.727
ajqV756qSFoKQ6UpUjTY4P,10434.086
iPdw95ch79LhqAx585VqA8,33315.387
TMcdD6BxXedVm3Lv8f7NVS,8819.643
NYkh2GPaiZdumeuGGx7fw6,11528.7705
R5sF8b7CpopZEzLApaXxAw,7548.0386
7XoyUuBXJx9ZxwS3nMSEEX,18419.246
KMcUXPxLftKTnMg48gzBLi,12084.07
B99vfNKJwo4JrZ3EGvFjFC,32091.418
hLVtVhqWcEEmZpZzXzaJJa,15868.544
3z6SfE5eZBCyVLukS26omR,10082.631
3Fkhbwz2DUxqKcaQE2kUEp,9938.751
2HvaPjhsxxr5MR73vWPPt9,5125.2607
kV3FXrFPdBrpx2seauGTSp,12112.548
PRMTCGHu3j6ventoxiQ8fW,6255.867
inZYTVEQJnP4upPB4RdSr3,22181.025
XjyvJFnsxLFCcyDGQYCxx6,15227.111
SoaXYH2n8Hh2dok8SmijYz,12647.03
ViD3kNZcCzMuV8Xivb6mP2,9919.952
eAufUryJ5bajGajJPkBEwx,7293.287
N6ydk7DKQerbpv7YFzAjoy,15087.464
iMBDerV4TM8oCQqzLQabLZ,4520.008
bWYYr95XXKR5kSrj3iM62S,21428.262
mAZoqPzc8G4HznspcJ5ixj,9970.047
fm4nozafquF3RAD8tz3h3y,11013.628
7acX9ZBk6CMmvFYn6BQzcb,6456.5
F8TLw6Ksi9D5bqqQmJwJ3q,24883.037
Hai93eei45Coqh2A7bVkhX,17344.709
6LbAQg25KwSdNh5vyy2unP,9208.818
C3NaENfV2PfqzTbcCsodVy,12801.647
bNx893Qrk9s39fmXnitLQo,10445.066
EaP3ZR9AsGspLD49xxjYuY,14371.3955
ePURAtofD5grJmdQBusaKB,27803.104
2mh4tyL4S2XKjjwkym9sRL,7861.6655
9HqRMAQEXY4MgmwUoTj8dT,19893.385
4WAwBEPYfy7haKjL3ysK8j,22996.629
gs7v5ksvkn2uxESLsQBJbu,4479.6743
gTinTiHJqrVLnYd455HL8Z,28324.22
i9ku8HqQohgwMtEqM6FC6B,8732.284
XudrWp3TxFAZiq3e2DgPxA,8671.834
3E8YNewauLmioVriAqmSks,9554.04
nZRYQqHwe2Z3rLAr4cWFzS,11786.748
n8mqgv27nBvfLCiPezyVjQ,5150.9707
ds9Yi3aLweSsrXh7jsZcKy,11128.5
JRT9Bb44yMetbQuSZzs8fG,14502.658
QRfFVNzNaFwT9B9dEi94U7,8572.674
UqXusH5mvUiGBZaGsR2gps,53707.84
cisSUgMXn6oBW54LkFVjjB,20940.72
SGLvG2yCx6X659v8yCxT2h,17290.266
KfNVHNyox6FvtFcL5bXFKN,15794.554
eUvbwSHvTbjwLj5fC4seH3,40971.64
avjPHyZbTREjGCxbiAASWA,11935.634
jsLGrzQ7Ur4ANSZirDkw7z,18218.818
kcoLgWbatmfqdGGbFHVamN,34357.64
NVNDJ8gH98SmdHZezyMH5L,6971.676
ZRPudR3TAAUusSs6VtMcNA,15511.145
UB9bB8dSSrpVJqrNUcRAxS,27594.719
RGytvU8oCgLZUffSM9Hceq,24458.25
2TH7LcrXFz5vZvLRNYo5ud,16870.02
gJx4iU5R3w4P6ja9wAeAJv,14135.697
MzGhD8aAkvZVcWArtkbUXx,5136.2515
VYZcHrgrvu6bx5wGFmzQrT,10043.841
n5UwWuYPLYCP3aEHqskj4x,11504.857
nvkvwPYe4WJbBK6FWBmXPn,6756.543
55fEUGDw3TyNrk8BPqozsb,19515.258
mmbJrn5sKfsgDrhtoVEAWE,7031.7363
c6bnwgz3QTKq2WnsuXnQnT,14590.059
Jm42aynzXa2dm73ATnGmvU,8731.004
Up3TqEjGWNteVfVjevFhBE,15382.442
FybPeJjrBBhKTcRMAoMG5j,3920.6155
ZRRCnaTx6hAqVAZorSZppr,7767.7
X6Q3QcnCJSBZb7AFFCAcht,10303.58
hoEVEDeh6Z5d45dTViHB6o,14496.093
Rp3hqraa9wxHdGipZN7qR5,29404.03
iZmXPvTaPN6YZx9Y4sJiVm,14280.931
TPZaMC3YMWaNYk86CPrTwK,23243.443
JJFrbuK6UT4MgWDsihakfz,15403.388
TjeNgHjxnX378t9dSLbsJh,7655.6772
ZM59N2rqoEzaWt5K7c7UHz,22608.242
4kus9BVuJebPXA6w4jufnR,24001.488
mZBxgpZVKZWe5REJJaLiyq,14656.193
MNMURhkZu5hu666C5mZ6hg,14595.525
DYzjoSb3VCbb6gbRRokSPn,7866.893
KHyBZ3ikeVithXg7RC5hyA,6726.1514
SvpPZPQA3BkFa36itpTWsC,10516.074
o9jRjeUeb69mV9dZ8aFgvb,15188.498
7cYUoVKBdL6S6UN9HgYZ86,16448.24
gRBQJW8m5enfNmZg9zqNzX,11419.132
jFFGgqxJZvKwQWTs287scQ,5345.987
hpd4uKgcPYReZ9T5Hvj4md,9633.576
KRs444avwZ6sPcECgkZ82A,14358.527
2Hpv7539DQUEjuZpZtJYSL,51528.49
KU9UEm5pnW88QRNgcvSoUk,16591.348
bA9D3pucgxSCD4XK4fyiVq,10395.971
kdbzpYFrvcmP5U7ZC2jVxe,13058.226
RfV5rkZ5eNvuVghtupfWFh,27033.996
kniokpVdbw5Z7K7Hwa9PN6,23797.668
MAsn4NgzPmTKUowv4AV3WH,21834.578
hEQseNYTiyqXnsQCvmioqF,20467.295
fVd3nWJ2H9uCE7yq5opMBt,14735.38
oMerQzthX3uHNfaiR4Unue,17942.367
XGyM8ACxnztMq9YfvDGZj9,16426.596
n63m8drHSxZeynJvkA3wJi,5952.031
a3zSnDSMYewbWR4fQkRsk6,12272.081
kuH9Q7SN3gag3E9iNCFjCV,31436.42
g8R7LYbPNJrXyMXxvSWNN7,7442.0674
b3s3gijev5KpptNggRBBRT,31105.244
DoGQeQDorLfHVwwopcpNU6,16443.82
j2grsrpB2BRukFxo6nNDmu,11206.551
o6FPVaEK7WwtBpuZxxZvnJ,16851.422
BHKKD3FxSfuwdgkmrbrXX3,54044.18
JoU6vJqtRGqsw2ajSMJUA7,7416.593
UPq3u7R3PejyEWMuSiEgAR,9751.381
5MwXj45ZrtvcFmFxRe5ioW,26224.44
YDi8cuEhUDt3JDsnfqEmo5,42838.07
bLbec772VMVQuFUD7D5rmD,6999.796
WDjeDsrv9aoHPQdz6i38bL,28480.996
juWQqQSwTjgX6Y3iWE2os7,24149.514
XpMapc5o3s4ocV4qdceRuT,29033.469
W7nYPYTVgwZWPkwn68WtFB,58499.812
gLxSdXxwoDoWLd8bJU7vWw,30023.773
bsVnreF9NNb5LuAX6LUq35,6643.8096
9TmMYwEqqXiAyjcZRXzMoY,18711.314
dyBfG95uWNSitgeeHqVCds,11295.273
HTLA3Ff8z2wstzmWJgmRiy,18652.482
ARbiezCdHjZSx9ex9GEZhH,21863.062
Z4LLHCsCbCkvSgQ32jLbG8,9955.165
XAbtzqJY8YnCJu6dqU4syp,25073.838
WZjgZoLuzm3bV7wmQMDrxs,5549.948
JEkDafezjtDFAkUCFnywVe,11539.159
WfPDk4554WZvTgsnc8JmZ7,19254.361
QBXH27nbpm6odj6KrsGGJN,29364.652
g2Jwc5dYhqkwLBT5JnF8HZ,5165.4033
SdeNQUYNX9SV5G8sQjtzGN,28348.102
3ojLMD2FvGpNyBGeBQRwpk,7559.8574
TPHH8nJ53oJUUTotW96cMQ,12510.499
ZkwAW6djpqp5nzSBa8NUj9,7300.27
QJhqCo5o4YRKjsJp8Z5NdW,11932.841
cgsMPJwSfu7LsKKziZZaJg,13074.564
TEvtC2s5ptuFHZMyDc4Siq,20714.29
75FSogeDj9PhZgjj7NVrEy,7821.878
GGonegXpKj7y4X2GTvsTvx,10019.123
4NDqpXMNc6SJD9et8e7bfR,19549.492
6ibrQyN6EUVmVZs25Ebedx,6216.164
gZuDoC7VBJ9k77FjgUwa6M,18170.926
Mu3pUkQLdNKHsBDLkrYE5n,17759.633
Q9W3fCFHf72B2j5MoEzyFt,21093.645
DQ9dQv98A6m8iHGk69nams,7725.5415
JWViU4X6jfYkLGcBkT9bsg,17472.537
cVikkn3zsjmTYjpEorgoVb,27773.646
Qohy3pgjgLivPckCPWb39r,25483.426
452pckPKmoRS4L5sa2Xpxq,18881.19
NrT9HKnZiXJ8afW32eP6ha,14431.299
UwiyBfHuYZ4hSN4fHYrbiJ,13630.524
6mm6bhayAqxRYq8sYk6PAt,20723.719
UGN7SoyhyapZctRS5vmuga,29361.172
4WEVd5632yjNrvCvYSQJEA,21265.875
HaoNmFYYPxLQSuA62uZkmc,25877.223
ReJkH5yGSUa2Hg77mansnD,11915.739
fzr9Y7Wdkj5E7vGzK9xZeN,8133.1533
J5xPY3xAVYiehh848mTYDP,19146.867
9SyAf2NhxXzKwVFkdMZui2,20870.297
SkT3hCE487jE6XZcB8Qb3D,20663.691
7o5KHaLS7Tf7r4XrTytobS,29998.512
FdJSDcETqeYEnepReVf98G,9493.17
cXkojdCxYsBFyhTzjaEAsv,8729.569
d7oLE2JRhNNViexmdaMqKd,21795.738
kJjTVxT5v7YzzWTg6xkZK2,6606.0176
LqQyReq2r7uRYhmmwQqHNs,9619.541
TfWcs3W9q3KtgVgAsMLiZM,35107.297
GuCTKGY88EjJArLkBzt2fz,16619.512
igiM4rgqchX5gfCjP5o3DQ,13290.439
MdxFABDemMqYMfFCURLio6,9445.287
NrqpMt7jECLbfi5hgZ3DUQ,29737.402
miSHbtAzih2JQmwevyajC8,23728.713
Nk7pt9dysmRGr4ZjFVo4C8,72113.18
Vs7MN6YUQFsrVbPCLukYYP,21025.795
QRWpdBoMvkMEyLsMMt9jrr,7971.1914
VvXLNdHSonYRELurX2tv6D,8365.557
Jk6oYA7JuyTjYVuJqk3PVJ,12410.561
EG8a2k62sat5ebz6ZfuER3,12634.066
TjAyaVGgnhE6Kad7KGcRkf,8019.863
jgFZx4BCMyW7zMLZcVPz5X,28150.309
UtsR7vi3b9ckNmv3NRcCKj,20596.172
8tRuLvbjD8ACtHXytoQtUL,10093.162
YFyvnkPiiMSYc5U5wc7J5D,6730.364
NYPngNr4hUt2WS6iwaA6yu,10411.024
ESzbbmjnUBT5hMTpNihSh5,13974.067
HD37TBC5HLviVpMbdB78SK,20448.973
WAdxjay2LWDZN4REhi6qP7,12966.842
bmPrqfD7bsAb4SEcpMPPHB,27258.79
frHLZjkGxBrLW3WrtikDST,17354.85
mnc9MWaFCvTUXQmTSxP8tM,27949.66
mkRGwzLQhVpcPT4gAY65rx,12334.45
GKb55Gzcv26FwgfXBUj6Gq,19313.35
K58hVuZAP3LNcPNASAvKvN,21135.115
8x5kbyWsUpqTftifcnCbCd,33608.06
hXK43sizkEL6CHVYCNCug3,7728.763
Kgz3T9FV3Efxaz5ZG2YStV,33709.566
drTpbYHfmBR3eqSBTZtitn,9727.894
YcL4YwK2V2WB3oqCkL8czi,16652.498
6PnT7T7CcPsu7KTAcaAryk,13606.691
bmyYGse6d8jyVVaZB2HLnF,7599.1733
3j3tZnN95yRmCS4AotU4kK,7154.7373
9DqJwTchWa4DBPmRhYvPAr,11358.971
YazApoVY5JxwGmTZV2kmtz,14891.102
YGuiAsesp3xc9XTjrX6tn4,12644.329
j54hFYiXpzRxnqKdRbB8Nm,19354.96
Ava9sySLFuob5cLHfcPQnp,12168.25
5PAxK8cZfAzHpJgvXjUiG8,27616.635
4vb2pRWWtyFKoeidH99Eg5,16298.475
LMJzHFG74evFy6ksG8oo2M,9756.947
L5jLSAUEhKiLzc5vVBxRYU,9573.973
iCAY8M2UACyk2huQp4ey7q,19803.87
J5RQQFNMdkdpfBAPtLsnJU,11977.99
hqYaMYcDpUtux5wEmKZPiw,25188.377
KZkiZvosn3Kq5EUvCE6Tmr,14000.017
bb6zCo68nFZzsjWPCXHwVC,11131.869
aHJbfFNMnLQcvjFuDn9tXa,7810.6772
7dMSqhcVxu7BU8dCCLrqtR,13265.813
9dnVDcmLr6E4zLdXBPSmdr,17441.287
nxGskupexUyvXcxYXqtBF4,13554.209
W4scZGMSkyRAY8cpoRhN2a,21144.773
E3UywgcpVBT9ZALzSoWvR4,19720.61
XgR4LhzcWpQtiKHSsvBaoM,16345.454
RWq767iEumBJaDV3kTRCBe,18110.127
JR33q35auaLttRSniYsZDk,3294.0164
mCwtykEbQp3vioPQGaAHBC,15030.004
mmvmXfJFGeVKJ98xous52u,6261.6245
icHh4ReRWGSfGbdYyv9R4U,98817.79
PYxtLRuHvjcA4PPzt7r38y,22565.107
SC83TfV35ZB2VxbRMCXArv,10764.41
2g8bAdCeMTJ46BsLQ5Z5Je,17588.252
QgD7QqiULHjbtirkeYpd6G,15733.678
QwfdWQYKRPVDFvgBzNUra6,7889.2007
Au58Jfc5tBB9ATHYbV7HBt,28189.393
dArvRfHNh3JPmFHuKDiy9P,29443.041
8thpjUwtv6bMnS2muQK5oA,13098.208
QvriePjQFWSqUUBfcadUCg,8871.762
nTzUZwaLjioWjsdpt9YTSC,25616.953
eJBumV7SogUWedNaWK7ZyU,5926.7876
eJ4f7FbA5PaXWUHYT9n3U2,30912.312
6mr8LX9b8cCFMde2pGcWYb,15096.988
Gva7V3c4iENkDZQxTJp2EZ,10242.989
3TUcwnKLoXLTCxQWy7DzAB,20771.223
UYo284eu4cwZipsrB4oQc2,3610.5352
jwEUp2HXoQsHGohdFbJB9s,10053.151
eGvPUpjixabixZngHE83nB,13395.21
Gc4HNSqGjghgBxpBs6xchz,7567.2993
S3b2FKjUuz6oTjAadEsx6J,17819.248
d4bCyuzv23gYcpJeDWtbpt,21816.21
8UDjPzYnJuRnrnYAr3d5J5,11619.091
Z8fqhspM8Pe7UHa5uTFge4,11703.838
fjPx9FJmJFvSFhjXbvyFVA,6654.053
ADzoeFMfCmpSKMLiJzTS9k,13153.503
L67rPBpfasT5j9XyfLfrXa,13034.826
TGsEWrSHfvS2rTSdvzNXWk,19877.512
XAyUsKGqeJKw8fZByyUXmP,10873.756
SJCfgedsfdMqbUvAM8dGNY,24080.514
Q5YkLp37kxCUUSCgwacxFN,29113.777
hmKMx3tk5r3jFermJML4bd,8354.133
jbycDnk3c5dhqZVRzkhsKE,36785.547
YRtNPcQ2WFwBevL2QYNSjH,23636.176
3Q5YiuK5Nq6ux86v7PFVem,10771.246
RDYvC3SEEMn8eR9sasfTzk,29270.41
nZB8WsxC3ALiMh7vzPRA6W,8879.839
U4bLexHGLjjAScR26krYGy,27839.307
cYDBGfXisXQaQr56nvXhdp,6790.2993
C5Sai4pKYqCYpuET4D7FYS,27462.086
PpKCec8b5Tj7Gihx96kn9p,12769.222
HnkG97PqFcLaxqMAjwh8AH,11319.166
d9sm5F8fcnjqGNF3jjg8iL,15610.725
LL2MFHnEBckvitZVSjbMjS,17546.932
d7XfTQnBjgMTezRHq22i6p,12239.6045
hGWmbitFzD4tESprNQh35z,21826.934
PuxrGMkGcZDkGNnXMaepXL,12309.228
dMWA9PyFwkQuHcuVdNsRZs,14710.264
Wo9a5D8W5gP6rxmF9ufa5A,12364.043
mHUjKXPYG8xKWR29q8uNDY,6780.1587
5YFtePQZNz3LCKKTzopaNU,16698.324
XfzD8K9KTzwt6EdQuxjw6d,19736.67
AS4RZw5CGTjGuRtqqvoQFc,8939.524
XcpVE9NpsGGRaPS9ASitpC,4766.2485
NofKmtJtJM7A6vYZLDR7gL,11539.07
JrQPAsLtWkNTUMvjykWjZK,31135.469
QmHtjKy9Jv7khYBgQ67mkq,7369.156
jRjUkRSYBxCSyiHrz9SJpM,8372.188
Gje7uXyAFQFchdMUxvu2UT,7811.772
3MneFijUTPEX8cUNYfkPGY,14261.933
HZ4DmeYXSNTDRoHsnbBWY3,13195.1045
GwsUUXRErkNXMG98DQx7ax,22015.059
8xv2YmfXNxxe6W7s8szP8E,21039.691
6nK2m6XWCavg2MByFvEA6v,10201.809
7UZcHjuQpqbbeWQcYNozZj,27304.527
J5L6QXpBSwWQTiHksudvbz,6703.779
9WtS6bVvnhMPyyvP7hrmsL,13043.233
SBpcko8KytzEeVJFmkG3BX,20530.07
XLcirnGzEW26ByBVvCHrtF,29720.4
VxSrbFtJ5Gbbk3YQEuSnM6,62646.69
2XGfyUsRb5xuWbCSKYFyeH,11997.656
LuJ3euY6cDHQURWmgnb2JY,13428.791
WAUWeBGgQFN4V5689LRXGQ,21768.38
jDYEdCEUkpwWpVYiaq5ZQB,10477.318
eKrv6e58i2htsLJbtudFSB,12230.9375
gnP79Q7VPzbDJ7d8csQ6SP,8531.306
Dp8ADsiYrQSivEFDYSJHTa,6087.588
ThZHQhwLHyHgK3pP537nU2,8694.377
5UM3XR2iWCmSm8jJH29KjU,29985.0
UAq2fyaFZtKJ2PfXbLBaQF,28968.586
72r8zEyo3Z5hfqy9wdd3F2,10333.025
YJ23YETis9NeAWswzKMDTY,26369.088
SL93AjJ96pDcVQUQ7ruxTU,10916.529
LQfxxikPc9SPo3KMh26puB,16968.492
VMXD8n9bHVbGmcJUP226V3,20825.887
d6Lsb8xghYTurDpPnQSjJr,7368.3906
RJyqS6y9Yociw2aJfr3LcV,12596.392
SyyxvUg5DJrwfRTrEadi6n,17360.549
ZLwLk8ktydLibLJNwtEQjU,24286.727
5fKENGCmYMLJ6k4UXnczWp,6866.599
N9BeP4qBmKjVfYj26PTpNx,9120.1045
eUpkhGSuoeUZPs8NwCTWF7,4168.551
4ogaBanmQZTsKBQwR3JddS,16134.277
ZGrrhEZZnE6LX9Erte8hFm,10428.978
5NT8jQZrubUy3qh9CpwANP,9580.109
4rY8Hg8ZnsCByJRZfoiK7x,21245.598
mafQkxGtciUNAQ3u4tsJM4,11040.107
9GnTvtjqEPjUeyvneHRpLP,29417.365
ZdVtgWrfUmGGpbQJvzAYMW,21438.506
FYteKapn97mEtBawEiHMJM,12505.597
PEqMs3K4zZkD7xG8xBCHor,4464.7075
aDnMddppWWcktkH6EbHAwY,13531.224
VMwdtCsFH4QR6b6g94RgLX,6418.424
eApF2xpyFGh4L6GLM3Lb7g,14510.734
FoGn6W9xtC8n7ySzLdzUa4,15506.884
74hZXYqcNXcSNpJ4YYpgRK,12113.424
FooqXBJH5uvJBET69tqAsc,15787.105
ZVZSb3gCPDVByj9e95guTp,21693.236
UoeMWSikStbAuybJmZMnbU,24126.633
VzNpp8prkxKhDFWKk39QDA,20119.105
QqqYBtPYTJDm2H59Zfsr83,20491.537
PjwyVjdJbZAxNaqEvSTJ9U,23916.613
K6esHmxtdcTwPmPiBsGccT,16851.705
bZQwdtbtnbJWoPdfM4Nsnb,17977.148
6k6ymUXKY3iqGnu6sTsomJ,13739.285
93zrbkmxowZNdQUHRnfDsD,11632.313
KuYPSQBgmGVcSDrprRgS93,9864.984
7ExJ9H4fdR5AfrqZprB4QA,22229.936
ERPvP7TnYCkNaeYEFA9aEk,21939.438
mH8jXk2w7ZY4ims6HkWR4j,13021.904
3cD9pVhA5yomBdP5urLbBt,14195.636
dwDDise2tYApUzftDbiA8V,9970.526
gnuGBqdB7wChSEwWqQedF4,18233.605
DRY7r6j3vJLBQmrS84vrma,37772.28
cjZqZgk4yPjNVpuDbt6m6n,8662.421
VeZLgCUHE7xPDbRYieJHhe,31168.781
XB6crHgB9Amha88N2CvVhC,13900.989
MAdiodJGKSGHoW5uVC7maz,12574.006
MhMgkmgUKygLkcSJJMUiYY,15201.051
agSMvniFeSPxvsaqneoWmr,9709.421
do5NPPsg8iWuaByAtF5xnM,9140.822
EJDqw6Yoj5KcMBaLRdoGkf,4214.614
G9aaUYxAhxBKe8hJnaKLPc,8580.639
bvDFquDLLzWPGdYwFaFz7Q,16588.746
LFp5v84cGjbYRkqkJuxTXG,25263.625
joAL9STEVZmXKTaTWPkMPi,12987.678
NoQzPi8NUVN8t6LGdY2cbo,10479.302
J8eqAxGsyj6etibXQdRVtH,5862.385
dHhPDxVDoV6RJF3wMGQXKR,33788.113
RgEPUYWmiUegkARQkWjAo9,17724.14
XNyWirctPZBBF6Lv7zmad4,34072.29
FcuP73QoKzytQQTWYL4dhJ,14853.042
62mZmA6f6P8pWDQxti2kD9,7054.1904
abx6jv4hzrQnwj5wus2CXK,22960.146
hAo2CAHDM5HRWrqorrnShP,18504.941
3KWz9AHGjC6Jh48Bccr8hF,10074.584
5FRX67NGguaZApEhTCAhp4,30155.045
9XVm9s27FrPdMkVriAZuf4,17593.375
eJzie4cAwd5UL7eEevtiAY,4588.7583
kwsFo6iD2qCkcwhkUSXRkW,22905.922
mgoe74tdo8H86tbaUAcyce,13095.733
JofpDi7LoNVy5wiXPkmfGU,15168.309
GCfH6p5sr7xNhEnhPh79cg,19142.47
S5cDpZU9kPiz7JRPQUWbaj,18008.695
BWXHvRXEapbihTuc72z56X,9269.856
ahdK5va9bSBrwXbWFkTN3C,19383.838
FPkEJHXZbyqnYKdwTTjsBw,5800.0557
9tRwxw3Z2TBK6YzmZxoMDY,16744.4
5qwaSQ4UAm6kCsXcSrPHu4,7935.7876
TFCuHYMPf93NBf25VJPcK5,28184.926
YiJpCEFBe4EymVtxRLkbnP,21483.096
4r4x2aUq5x7mBGfRJWBdpR,60873.324
TFejzxENoCnK73RhhHBQqM,16449.322
emDX24ZsRcbWnvmozuJiCQ,18451.32
P8crpYBrXHfV3xjGyvKCaw,28154.357
2Hn9Ky6hiVrJ55WUKfQkhm,15188.434
hi9hfbeeEEVLCKHUxzYQZC,13220.203
cNxenPkmYBpbhssiJTaja2,49263.707
AiF9cHNF63vxevnNxXZWxw,8394.837
H94RPHeL2W6ciUQGYL9LQR,19428.201
QRAbMsYuBPwjfWNfpFku3D,18935.502
gz5mYNfxkV7heTsT3opTSy,13133.867
MqsTSjjAQPrHNPvXDKHiex,17168.637
dbZWW8L6uSkcUmqe2veq4q,13949.158
8kzWcHasuvBWLNbLNp6hmr,32232.781
o3rAeM4hZLHNN4ALWGQLih,50704.184
XrTW2qiybUyQtDgM4RGX33,11541.831
5qpS9xkV4erwKSwGfqKBpA,10452.829
GDeiuGVQZLt8Rh7g98ajG6,7218.1997
ZkNGFb4VXbYwyJySuTMWTz,5854.7324
HcNGXasgMrBZnw8wQLaw7a,9983.594
NEmgRX7quZC9egGCXp6qgP,14406.896
DTZRk8wEcQ5A7twBwNwKLj,17425.367
Gmr6Sbvr6CpwM7JHzL3k2S,13176.873
JVBKYc6xoZN6tsBJicwmu6,17733.404
d3JSU6XumoavRPpJ9su6Ni,18108.793
Tgma3P3dMoTnDhREhRsddB,3964.3062
LfKaCyiH5FdEeH4tebv33n,11802.195
GmVzzA4Y9K4dpmGJkdjbVt,12510.706
dn3GfCwSMNsciS7j3k4A9F,10250.203
ea3fPu7gDJBBHcqXsFsnn7,20433.639
mpRgBkGTAf4nmbcyZe7Vqd,20107.184
Gc46opKTnEfGF2tZ8Lauai,7907.5723
7Skg3cwvyb8hquQ8vZSw8P,16065.449
BvKzxqwvCQ6CWeHfdzPxXL,8202.64
fkPFGe7VJH9qGEnvWVhUQ2,23434.326
EociotmpX5JATHzN6V2NdH,10475.71
gNut9RvUMbdGAo6suLp6Eq,27183.41
MVdU9DruYj9yQ9GnLsXDNS,9461.143
JE2iUQhiqDDDpU9R5rCSeZ,13045.76
MtJ45Dw462K495DkgWQt6D,12204.822
WqMvLy8Npqd7KzYg9MwSts,6739.6865
AUS2euNzin8nktKWFkYUp8,32202.604
Y5jx4RdYG29rNqwqcK2hhb,28765.031
kNFd4rcEHkgARF5KqdAK4e,20263.387
VTPTGSjXxuCze5bWTKFHhQ,21772.361
UFVA5WrxyDMYWXHntGfZNw,8101.5317
Dq5Su6AGaJGRz53uKxdLgA,21538.844
YggTk9Ymh4T8eaQs2hga8w,11179.628
KREkpXaPdXpkrP7dAtPrpx,13318.543
GLBNebbLxGgasxybwYznBH,27734.414
LTRZ3sT37SWrEXj5ZgwnS5,27774.633
nzSdTAiL5gdJkSWNQaqjtD,7280.9966
PJAs2mYXgZqG4Q2Lu7ktCY,11206.499
gwBeRVJ7VxfkFyaijozrWY,7429.292
nbEa57TLXjQEPbd45a48Kr,8550.427
8MVF7gsFM5EhBWfQToB5qy,5332.3853
iG2qVEHiK2tevk4HweoSWM,17983.955
DkEAUrf9kPKVavkhDMtrDh,15355.07
29GxGcrRKaWttPS58auaTr,20075.203
koXS92rto9Jw8q4wCwB8P2,20925.215
EhpmaoowYMXRVcafKmygmG,8475.34
CZNHEzesT7PnftLtaYRyY3,20330.498
36Rxm96Dgxts3k2W8NT8Nm,8224.448
cboipkDLbB9EejsqboVpqe,9385.873
LMkKpi3petByLFcsZJpsu9,6270.9014
3h4Eu6nHz3EQQJAqJ3jMmY,9536.839
fTi9yvTQXCSvgz7MsGVwKJ,7827.956
cuHn4sNrE8UcaHubfi5g5R,13426.829
VHygAtMmSAn3iAvaxT6iTM,6856.5825
oDffHzPNAZNcGvuk4EvxRY,24027.254
FEWj3kQraDx2iK7XTP6N3P,17201.51
gjeQHDKpEaAJMgG95yFy6H,11645.982
HKyfR7AiASR7Bs2wejnUia,11136.223
4GqMejmETeS2wi6oqwYxwp,16991.496
9kYj2nZXsgokLBaqfC8yNH,10965.067
55sCsEUizyCq6qBUkzSyih,10667.795
QXqmd6z6BHU6gkDYPrLyQQ,11641.511
CxCKuKdNhib5o5nJjTmbg8,17533.719
QoQ26cm4SQYpDgPae9XxSV,29972.084
e9v39c9Jge4t7UqwZXCXvZ,32443.25
Xgyd9rfkeB5mkVE6LKZuXf,16588.3
hwEScy5EDRwjRg5ZJGmp3F,13130.441
FtT9kcv387mPL9c7YHi7ta,19487.406
5YVU8tD5DoDLk7GMY23F9D,12018.402
VgyiR3ZirA2XLJGs3f94Fp,8841.814
cLgS7BiHCtWUf2YKrLPUDe,24818.354
YtDHATjVwJw6eq5V3TEfpZ,13190.5
fPHPR6E7jpu5RgUvdXsoZH,21022.24
JNZ83Y9WzyxmvDBSKyZG7T,12676.025
axMo498AF4TWCWDu4PvtSg,7387.303
MuYLxvmfHo6w2Yj5MMSpjn,29577.312
gY3jacnPPVqVVjnij8vQft,24574.838
SJ5naiqTeULsVCNKqrTmaD,8127.8506
VkHqiL738ASd89ywudhRq6,11640.171
Z3dsV6a83KTdsZ3NTN6VwH,12737.993
kJrzaCKvy92cqc7N6MZsBk,13537.018
NiFuvfjrSk6SPm85GFDeLe,7213.246
gzcVuY34tco9jP37CPvjTL,13244.082
WYjQhgTRsVBiQHtmxAem4M,13519.504
KuJ8WJXPhkq5PSkXkGpnhm,6731.64
BruRs9Th7fCPT2U6qVT2kQ,16454.996
eJFVWqVjpncizYSFK9iboy,7872.6196
a8JW3fBDpPsyKB6fF2FJ2U,10056.565
PvwPwxxpJWS7RmBmSSJCjt,10519.606
5bu9NJCAm4yLQn2UWLcqnm,12222.339
UATTg3ZD46vgqjWt67EBzd,8007.2046
QSEdR4gGyqj7bQajLTq3BQ,36391.7
6729pjRjVpDURSdAnXQwkz,9719.03
nwoUNCRnyxZWJPLufJqDoR,13439.911
Q6Mqbqtnrt25prLP3RUfYb,17357.176
5CsGUDKCZZ5kqn53xH7dbc,9944.218
HZkd8XZHp7rLmAUZknx25W,20908.85
XuJu4C8iurn5UAg7Cfvpiu,16493.936
Sy598cqp2aBPGf38QPFBRU,29085.281
fogxLXehyKyux9JRLT4MVt,9643.61
dFMek8PUWUifr88sjpjg9o,17168.219
ktovcmNyBCMtZdvKCP7UWi,6607.9077
WdU48mFvopfGmf8kdRTW3H,9388.002
Zo8U94fhNXJf8pTh2HniJP,39808.117
P4NPgDfA9BczBqBVkXt3Ei,6948.346
SfwX8qwUBE6xgVcepL465o,11290.374
CwEMtRowHepZYn6xYsvjwD,8310.564
cUvSj3JWMx4oR2uuw9kF4V,7228.6104
TnfTcRxiacwMjxcYFKbn2j,40429.45
fEQCLHHzGxdQiRprkEEEjK,7605.612
jQzxWY6wiXtuvzkgXFwXtJ,6658.4463
XPCttVKP8w6EALW2fcpfT3,28331.912
5sGDWerYRD84AgdTEbjvF4,14250.98
6fwGQBqAdp9F6zkpTP9EvE,42013.33
6WfEpRx3CYsLFx7yHH5J25,8152.7344
CdJw6QKvdNA8ZvoJeE9DS8,11663.438
AHTD8xueZDJdyKrZvZu2bd,9807.867
BHWYAT9UJZYDkGLCJFnova,11173.504
KdMbHeVajq36pNjCWNQJMH,16655.432
ZqeqoHob9YXz5Avn2M9Dr6,25138.873
mh49gchAQX7zGL64BdpEmB,12457.543
hmshP2GRJEBuDHCzeUnLzQ,19074.771
YhVekUf3ZMDKzFNVb9YrPT,15909.483
Dy2aT4kpQvcf3d3DjtcYdq,11958.699
6YC2d4kGMDLmEUqEcbuAtn,35246.656
PZRJFNUMKy38GzCr6RN4nd,7336.94
MbTwiRGHS6pscKk3aYgj9r,6989.593
Urgy8kQKFujAnaeXP6A3TD,17843.18
AnMMBN2zeyGU7N6FbpGjbb,29994.668
44TKzjgK49J4qoivqMdNc9,10955.632
kJQRTnHa7bcjhSWBwCyVLV,14733.529
4GQyPGecQi8uju72fYLAfS,22155.87
K2GToDBfCALumvFWMtz8LW,11015.501
QKMVFUE2ASHtdgKdqDXZbc,7304.6313
Ce7LQWyNXau273VaaoVQva,11589.73
HsD7f89VRJtyukSRNZBqQT,18422.83
Miy5fLJhTBXgbM98xzVfFe,10884.388
ZQqxSWqPiPpu8BGch2KZPg,15273.325
cx5xDLhFHqcwE6mmwVNMd2,20007.201
dMhwb2Uam9zJdgLEPLkruq,15817.267
dFQQ4YwZqb6qr9SRtcMz3V,21885.107
Y5CbbuTCbdQ68NWvBeNBAj,6130.5874
Wue9fpTFWt93p7HvthPwQs,27804.22
KXDj3ztJ9KsLF9YHJAq9GA,43574.965
GunfLTiEGrkmHyFKJDu5hA,5255.434
dgJQUFWMAda3ndJBT3m7ze,12852.718
hC4dA8YxAsgibCmKC4KA3f,9879.214
Qwz7kVd5bVidPwgSq6YFUr,12662.59
KmLuKhuzoz8gqgjQfHa9yE,9546.095
ea8q9u78BXW4KoFkRmHUHT,13727.462
YrnsoXggrkQQspxGAneRPK,6384.8784
DcXhkxMr9rxvDvTwrAfjCj,11505.158
f972b8QtwrnMQfGHw3YZEs,19847.188
Kyf9Y6sh877pEmVcqS9Exn,17715.35
F9484nxMMnTkHDdGR4qQ83,21200.33
HCKMQE85CNRAPVvrrQdCzx,20187.123
kX76ZtoBJduGtkqZAmDvr2,22723.057
ZAmVgijrFC9kxgeGcuZuxX,20567.715
PgxaWNGrVkSPHPfRznMCoB,12865.902
UDxWtE5ApqhaKnqyhrFanw,13077.094
NohnHTzHacSrnchURwaFht,14020.303
BqYcyjGuu3tc64QUNHgWDp,23333.307
nSkfngtvEbNi3zz7gRbaBh,22615.584
NA9yz4GWgmSVyig6uaxqpx,13639.114
kcFfrU48bdB5KFjox7iWLy,22723.633
cty8YJ6dezfUmWNPTmfVDZ,9435.289
U9Dg3TZMMdHjgboyRUMRVc,51966.305
fZXt8YQbJav6nXYJVHQVUt,8432.672
ZHw8qxhHJcdoLMDNoBFMLb,13906.681
ZbVddjg6LpAcBaMuhNwBU2,16072.595
gTYjcAFvbvbamYpMKLhuMs,8990.975
Lpe68cqjnjWX8bjNeTYcnK,23207.428
RGJNpLzSAjEL5ybN4vETGp,27905.033
Z9r2KVhikR9MGoxyCFeGRR,10538.479
EJQbCVkt8wynjcEC5Q7MhR,9513.23
2vYtix8C9ARKTC4vkWC9gk,14828.561
cSLVgNFMq8ZTbDXkkGYASR,23255.645
jUH34RU6jt9BG4fXrRB2Me,26581.248
iRmepqnChLVkZZVHR68c43,16284.461
EQdx9Jhy4ahGPnbaYvuiTD,46666.953
nS8YJo9gYqUZCqGYf6MbjM,9741.804
TPWNACN3TFHG8xprQW9AB7,7646.3623
JHWJaQWY84GDiPNdyAqSjz,13470.355
Vf4VKRGfZ57gVaydewJqtJ,8114.966
2r3s3VDYKRdQN7Yq8DDRKv,13596.227
gTzZU6wYtJ6jpFgBfDqoqt,27340.605
cwFEfVAaXLZPWnsC6WpUS5,8829.501
2vGZWnVYVGLrFHz72ecGVq,8767.351
jrDx27SXyVbrteLwdjEw4s,14258.161
9ikeADS6WvgAmKxVMRBNru,13527.074
dNKpZhq65qvmmaP59fPvdN,22730.283
gC7W9fSz45dCCtCxNba5SW,15395.984
CuG5DzYiyT8phvAVV2woJt,12721.648
cPX2egyTSRXfgXfz2v8vr5,16924.766
PgjnvdFtCVtsC5LMinSNDv,20148.578
Bcocyduh4edn9WeHHfg2s7,30296.88
KHgWPfBWDcefpGwbQDmBec,10539.829
FD7sFXtmHfXhHNuHK2D3TQ,24799.03
9XPvKTijW5rfjxf5mwpTHk,13839.508
jVV5AxZSg9V6tggzdvdfgz,28425.496
GktqFJkbVbevetvPpuiXka,22876.309
G5j99o68ErbmkJBzbYDg6t,14876.456
4og7UpF9Perd8uzEjXRqMS,8652.473
6HvLMv55YM57F5SDMeMwFR,26389.83
JxfDjKZBpBrBDxrJaZDVL4,50775.523
invqipo7VeuRpVyn4Ge26C,10858.281
N8i26V2esfV5i9bc84mBpC,9839.431
7or7Y29Kk9m8yFskqUTLQp,11564.588
ayMNVeHsNEYNMrmngFFd6p,19800.102
n7rCkXkEoRxBnKHdqAT6zu,7569.103
kNzkogPsHJU4hYYH82WvGD,22262.863
VAav5gvd6B8vXvw5FKfAVa,5698.0674
SkubQVth5f2cGBVs3MipVk,12516.649
T3W2aBzS6iV2GHoJQEkPNd,21449.076
7JaGaAubUqMD2VKxmFYHYe,14113.575
3S3CLtaLseujzrv5tffPZG,8926.666
it6XWrDKQDLn7b9ytePD8T,13594.481
o6xDcgTNhoPtmC3bSfCEPG,12332.796
JF2LRVL2THgzECczYfQS6E,9464.648
Vk8AVnw5NRUUKnPwMftuFw,9677.801
ejZz8kCYQBmiBRhFgQU4eQ,21172.578
ampSjdjpfgPWjKjTM8P8CJ,8991.1455
GNLZ8jbVB4JDtwtccWKB9C,8198.989
jWC3AyYkFudaEz67Nkg8Mc,11688.222
isMnjwNMsoPLUtKQowuZsm,8272.782
UQLhr3QrCefuFbsQXzzsFL,12320.854
jWka9Gn4sXeLfVtCxxUfpp,8854.199
StDHMS7DbiyGrCrykCB5vT,19635.281
beFt7CHVVEfF8vapirgycp,23011.787
6dWCT52evdCoTKSX9VdkDZ,22480.516
7P4Xs5HgxNYzscvGtij2Xg,34073.336
9dBrjRLXqANMw7Lh7dNNVA,9388.906
Qy6vy9k9gWKHmLvgipamv9,19251.963
Q7Rg9WuL2Eu9GuzhQY9nhD,25420.555
LUs3hM8SZCAu5JMLSU52SK,11170.499
injZEMJTRDHY2QEzib2k86,12142.005
ctDG2oGt6TuRGkZwHueTvm,44589.137
EjdGCUQu3yVFTcuUZbbuxm,6024.816
6gEmLSkTk6y7hQ5WwNzLA2,13911.854
b5nJnX9G2ZNgTXjKZdj3Nf,13171.868
AtWUk32J2L9m8sM4N4bM3d,11470.069
T5N7yvxkgRJ5ph2eNa4km8,8390.922
Qeo95Poyk2r3jTVvgeZJWA,17016.64
VM3N5ZBfWVatjSfTYSdEFe,19191.969
eXrz73yxcvJ9Vc3xZJbGvS,46707.42
boKXsWPQZ6M9xSeS8ZQosB,5543.538
SvrkXqgDuGT66BvdRVU9CT,11978.256
jnEg7WKxtZVtwB8yMe5B8j,11606.409
J45DjDweAPZhFFkAT9uhfT,17955.875
Ppddz5wB4aBbA3CYT5rTtv,6587.5103
Nru7WTwU4D4tu68zGsEgPE,30622.713
Sj5b6y2ThU2FnbcdRYVvwL,15148.231
BtYJgmjmU3K2ERar4XHKNT,9643.612
dGH7nBCySn2B4Y4PjRHbJk,11801.081
X4rSRuC56dgWk8CZDrQvBb,22082.398
KTNcEqgrWS33oSXKWK6o4M,9689.286
m7n8FLG8Evc9mfQQMnnpm6,8515.838
EHDNYY5kiG8Tk66XdZ5TzH,21176.035
8PPQBzCVG4EiHucm2tsUFd,19481.607
BLZXiefFWYzDWm2Tg3hVBR,14828.512
aigecKiwDmaoBJ2igBMrRF,24583.508
7nSan36LNrcYmV3vkuGBnF,11577.381
Bg7oLDcXPzPmzHwfLj8kYC,27895.969
WMBLioLFEJwtjx5ZVQnm7P,25576.684
UeQGyLqb2NYhjihGnP5ev4,11489.033
P9EQRzuTw53QuaWDU7TWkE,20097.996
8fKzpw5hRN7LMSNTeTm5sH,12274.834
TZo5jQfTdSfSEBF8NYCwsz,26681.457
3Z7ho4mjLFBQ6A264pjg5r,24159.963
ATCP5GEtvXRLrmrogaADvR,6745.0747
AVEPCYGiKxvLrRYj6T2PTu,9083.624
JBurbNh3o4wp7fonzAooA8,22434.39
Lax23vvNbshcJyJwM5WvaR,18629.043
PzNtwU4GhCXT2NLNwBU9gk,19798.75
AKGQ4ieBizJwLCsDDSfKJi,24797.012
miT7Uh4RpZD5Z9JJVbP6DC,31091.523
KkXftcPKPCtSMgn8UH2LsM,13040.567
cpUeEU46p6LRnzhSYQummD,20260.33
oQcM4hgHaeCuLz8CWKLohm,26227.156
nux5YJvXrQKpNthtE7LAEw,12683.913
FSTfzSigM4Ww4MmZWCtYKq,26193.432
CQCUZrEU6dihBqSRtiMaVD,10938.157
nz9JLrDXDZR3mQ8ucwABkR,13612.091
fNLv7QcAayYRpG9Mi96rKj,9904.976
842pAtzj5xVtKsZSMyQnG2,22945.738
BsDcEVFTDG9K9ADxVQX9Jn,24837.441
iiLhZPLJvn9Hj4gMJicqes,24004.742
bffJvepDjsQiUAnfTKgq3F,25174.535
6VhxoPqNik76HuG3vYgwbH,13865.521
hKGJP2RCPbKr4RBr5mbiSL,23556.291
fUvEjZjakbRRRh9JJHyomr,19038.61
Zasb5YWiCRqzzrabNi9Ery,15820.685
dhxLsRmzMpA6d5CXUVLmvX,13626.917
gff9FFxXwYXx7Rys2SJkWH,8017.755
PF3J9CgxUBT8pKvAQmCJPX,18450.035
53A6wBbuDjYhHZAPAwyxaN,20471.453
ZSBmzChjAPxxGxdiJAoynu,10470.645
g89phj5yur99xAMRajco9H,12204.506
SRY3X7xDMqwRWL3xcyaH7c,10123.356
VGaoxrGAFuaBfg79G774Ps,8745.73
UgKbkUWDzANArsTwXUNMZi,17344.635
5Zg322Umo4xfv47hNmzwDT,17107.592
oAd7Gaa3RnnCZ6BAtKS8w4,17192.297
WBhQ9eAQSXnA26zGoe5j2X,19092.451
UaWG62GfvasrQW3e2j62yF,8390.801
FEKp9XgkomiHQPyxaPotb2,8659.859
82ageGoYKBMbVA9A92GUe7,5984.9575
7avLqWS2L6J99gcMK9Q42d,11260.198
CQ7GDqvTsPFfyKwKVrEo7d,16057.649
BkUTuNJhdQacojJ6b3DhiQ,10321.171
cSfUG8itp4kC5EpeejmVW2,8029.7944
iabbT3kz3MTEpVQpAE2Fuj,17374.693
cmmq2asuTcGuXrKiwzU9NL,12949.629
6KCSJSqt54uJUN6XjetGho,5378.9683
B5NLZEndwmvVJLpd828PMF,6787.47
RQy9B9nt2R7VYdPYfzX3mV,8005.571
aaKnLwTUyrtTHCyJqQG8QH,9557.983
RdU6bpLRXh3GAbHqHzMqRs,8577.205
UBkYJLSR3gnv7EMf5GxjPf,8785.311
9J7kbeYoC5nKuepHqLyV9q,43153.914
AS5bDAz5FFEUUebf57grfG,19532.447
2vymtXQdxWKgKnbvPzSuFM,25913.11
oXJox7dBfRVbAzfmdkuWsy,14677.79
gczVEz8QWGhATApLQTNbpd,16437.402
PZiQ6GW3UzSAssPjN8uK6p,2897.7136
eLuszsR5RpAiik479DcmQz,9832.394
kNk4y3ZCXYkMTNqyToxcYS,14003.191
jfohHiLv2s7vVrqSiAFX4r,17232.508
6QmXHzJUp862DeMcUhQxPL,12174.626
FN7cpYb7VfdDssWY8qyfjx,12282.589
XJRqN3SWhBc2JSmFTWxDY8,9756.947
BripZQRJe86j3NXQowMCag,18411.28
cpp8QJb23KwkDsbxgcrvnS,4198.5493
8yaJERR3rCNbKwn2sdL5Mq,5940.2744
bZu66mvpMFp9nN2gnLFdQJ,10656.999
9dr93krMF4roMPh3gThziw,7092.786
UihGtwFvRbRwnCJFo25zkx,16411.064
kiBJVwF7mrcx4VjdtcmB69,9414.278
AXhFT6sRkeaW5PAjntZvih,31270.188
QjRxcT4R4Pxxoq3xCemjJq,27863.79
gRhgjCs44bH2Mg3wKsXGjy,25044.775
aeJ49TkrCB7Mzbx6bwSnmd,5517.091
m8JabgCC3GmNsHgWve85KF,7797.796
7vhB7wHreoYcK2e6Fvur2t,30515.107
2NdczPE6rht6MnW7fpzLPY,21862.338
38WkW67Jyvcgv8gb6dAWVr,11048.663
96uxHJHP2LJADoeVofFsGF,12484.999
KftF8xTia5kTUamGTPAKwB,20521.867
TTYydk4qEqj7XL9kDhaCDD,13099.18
nKnNaH4KmAtxjpRLGCocyp,15482.178
RpmRw3oEB9MeGLWonRNy49,7040.6084
Jexzes9apGR2EwvMVEHDrh,22489.777
MspNsyDjSXfEYkbv9nk6mi,14003.618
iEW8SWmM6ZAengzAvAf4HF,11453.514
kWAKRPZjFtjPdaHfjpCrEa,13399.148
L2QsGgUZ8KwXSmeUq8TBDM,31074.188
3SLmqubfrMRML4LQuYCMAY,17557.406
BAw83fUETb9YvZwwS7pfbZ,15999.609
29eNc3pqpwe2BtJmaZ4wA5,13777.552
SdP5LXbmgrSs8VptS4UdGn,30248.02
ZFr8Enj68sxFT7SiYPr4cv,11787.183
gdLrSwHrjNptzfbPJvsUGP,70973.46
C9PFnqUYJCZEzcBJE9KDzj,12350.001
N9Bv7bviNg9nPzRWdg9cH8,21969.328
F9oRFfJSt8sSgECXhXDLmD,11074.133
7RQBqbBnpV7x3bkWKJSJ6o,7561.969
jQEWfkkEBhLn3XgG64tzyL,13546.44
h2nzwxhLaDQrHHfK4kagV9,9653.642
bivkTamL4EeimnLYZxemwz,7184.305
kznFWt39Crn8XcArQDW5tg,10369.744
CRCR7J6dqyvrT2vHVvTLa9,26455.926
bLqXZdbiRrwEVGNJ26hNsq,20312.635
E6smACxUym6pwomsM2Co3B,14071.609
43oHLTgmLxQb7gzTYR7Hq8,21258.99
SJjnhpspJzdRdJBir2HnVV,35863.793
adjR9hfDsWnTGpcTwntvJ7,8264.231
NU9K36Y9y9wZ4bGapB4y8n,17729.271
8XHbZxW9zTvuxZM9iyPLdM,6528.355
DSrJgT5QQjzSnfcR3Zonnq,11529.891
8ifsDQHNHBQ9PXhJhsvWjT,7463.474
RuCkj6Frp7oLvWorV86Efu,8404.6455
WZZA7xAfGgNrrHazhskqbe,27309.836
5sV4LkXnpAjKEcuUoxjKYM,12938.827
FgbjXVNB7Wp2CrEiE3tjan,10251.24
RneNTkSV39FvuEipLP6pgb,5886.3335
Qdps9CHNKDmmJ2LeUFzRfb,19614.016
hssTs2udzDw5K2mxkwYkAr,10941.318
8kdDhomMsBYF7xGRFKyXjW,26612.031
fochx65Tkfr4fHWb23HnxY,20976.35
68p8UAx5UsvggiVP9vMQGg,9089.649
beL2qMfwrPebCzSneM5rUs,6972.9297
D3nX7hzpftBLrwKRXKeMcQ,13661.099
DDrdYYyomYA4puc5NJ6ioT,28624.102
CWPstZPghGr9aPoQKsR3Rv,8490.37
Tj6HSPSYU8gLuhyScEBPoG,11820.641
XH6qMWzaQ7mUuzHb8BBZC2,17782.406
WxsGtu3W6ekbkuW4G4WF9V,21412.07
nC4RgK5tKD6yqhBmj2MZrK,21031.246
jGke3kfLb8FdCAXMNMMHvD,9343.433
hmqbxnmNGdWVzgVNSNvT6b,19226.29
RPokmt6Uu5RhoPHeJyKjBG,10493.157
9YureGUBMnEK6VK4yDHC67,9099.174
HufgZaPUT5k93uTxHctkoa,14747.03
f7rMrUsFtCGeuaDR5GeaYz,14667.237
JhbSQDPYSWMa8VJpTf9dsg,9341.687
aBpPeou4EGqHjoUyLMDDXr,18646.867
J5kcd7NS4FpxNNQHvoE9DP,12736.563
c9BC3n378VBqmiVonhP8Ge,5927.559
6YsFFPWbVNuuQqhTmDC25B,10848.245
HKf8w9t9zMfi3WqtwLCiQy,32810.43
L4d5qU5y4HVVw7XzmBKHza,10987.823
aABddSNDdcfbAqyJmGLqM4,9720.805
SZvrWzGMCacr2Mfe9CLEYy,19961.41
CshiDMSoZ59JdHnZEhonrt,49713.926
mqiMe3r2TirhzpWaDTfa7d,10086.851
VV2yRzg4gQ6JB2CRnpdS58,14220.473
mHDDfNtL4GjewiQK3hPjhe,20852.35
aKS8emscMGEkZbhuj7MfnH,12791.831
82hBVTr3LBmeyd7aj22x7b,7611.7173
GbMLRH35tNUvniw3yvpTjt,23006.797
LQiYjePXtJ78pqjjfcmkCh,15304.973
PDYESD35hhMTXAHpEpWJsG,12837.308
cCHMqV4swxAYK7e8tdjd5A,11882.159
CJjpmid8SWeUxX9fdEhVmk,9323.242
kbJFT4DvLt8Ag7FdHWp6fr,13495.004
LeXXPJvzc9JbRVpLYibvbF,10246.384
SW2XwZ5SFkYW3zRhiyfbhB,10211.355
dU6wctS4wn6qGvGnF5T6di,22522.441
ngfnay9naZYmb42wF3m3aK,14169.584
5A59GgcWnScjpfi8UBEAY4,25484.143
HnpRiWSsrUKPqZxdav7b4i,19298.898
bFbKHoSbk9LntP5ucw4men,10013.111
Wpt4hueBP7CSEienSh6MyF,9137.374
3KnDWWM4L35Nqm2rfejuxM,19712.92
K79nsGPGK4NSBd2wQVcknu,7477.797
VXeZZDb6wn8NrkmW6BJisG,11235.733
PknUQJXfv8yZ2vew8tdErk,26658.086
fRysu5bsMGkQR6u6DRk8kT,44966.496
7wuR6TcugMysT9L5xRBA6w,27482.436
P4e77zcDNnZgjqt5sLQdgD,12144.362
cbkV7HkHSxoBenv6EQLbbC,15932.152
mUebqq9y2QTkypnij2icmd,19799.137
9MtVX2NzeHMpJoejnbcLFD,12758.75
5bXMm4qfyKgWG4jeeiRywm,14094.825
8wRVdscPUXWnYXQXxMwaDd,9962.699
hFkVk5tCGREXxAueQT7E5h,16494.148
2gJrtjtaKDqwQUBpTgdzyF,12611.765
GhLMvRYsCUF3ZxAtZdkuxn,21124.803
XoCRTEoPvPJRwzJuEABHXM,10977.062
ixTmkPXorXK4EkRq9L3M8M,32234.543
PGk3JVLLGk4XKnTrvTJ5ap,9806.884
UxHRx5uWPwwWinYokNd285,12144.111
V6h6QqmDpuZEkPPaWNDdqY,2377.9856
ThwKnyXnGawyLqYUHtMDXM,23505.348
DL5B4HZdFgnSW6Ct7rtd4V,12782.989
DpFdVSVvgxLmSS6gHvaE6L,19363.174
7Mm9eC5PvGSX9ic6Lh7yGW,18266.182
ZV95FVMuWfwm92gWzaiEoP,8457.947
K7ZCwKV9BFGXSEfNWrLtbS,13802.206
YefCBygVs9Msge6hbLcWhT,12142.364
SFPgvFoxC9EPKvhdHY7k7s,46014.36
8KLXiAPC8WQagjLkxQvRe6,10412.861
PkcSxmi2icHuvxaF6JSsY2,9871.103
XmZDFFPLzrpahRpNn25Sz8,20971.229
mijZq4GYaweHLYYe3ky6ym,16098.092
WvX5jv7AYztk7QQXNVQkWJ,21429.303
LuN2ihJk46PRDBZpPShLoj,15112.238
ZTE4RDJLrfEXZb7aWZbMnQ,10656.631
QhYCAJpiaJcC5NSQ6dYc57,22399.791
iyeegZUZVukafxYQmwu6Tz,12432.781
23fVGLrDhU2d3NGuSDoCzt,15617.388
KAQiAGyW3rPSqXnKPs2ErH,10238.377
9mv5NH3wU52qBdQBERjNVN,19853.943
dSa5qUhj7JnSpwSsbe78kg,7657.3203
H4wezY3E2fEbFp5Xq3CG97,9857.272
UVFbeWQ5WcS49v5Q22L3Dw,10387.989
gt2VkMpsaovNC8Vz2u3qe6,13294.008
H97iWtxqMBYTpzbsPfhi2D,10138.916
isxenZjnLAcZDDpkgQLe27,19915.828
hkcRjgPYE6oviyXuQcjQSp,21976.482
3XXWdDEgUrxkTUWsfcR4AE,23248.963
AEXQ6AViPoeBdXPceVVNwz,16017.427
SnZE4njK5RTdiouMRZuf4v,11330.599
FHNgHKthqsKmyLxgpAB64U,4688.012
NSE6mydwr3jsrpkyvxE2Gf,7024.543
FAfG44zY9JGd2mXY3WonC3,29719.744
YgZ72TQaAjwuP6AtZvWdHa,27723.188
QV4w2gZjSPkWRnUF4sEj2s,22303.383
YnmwKosuUNkaL8eiQh3pus,9372.061
ERAiqkTZprGrREpo66b9rq,19685.092
XpkUugpTN8unSTaWVLg6iR,12761.01
F66jgWSg3fte2KDeXxu68a,27606.637
B3SNUVpwk2ooU6Qb83iFCL,6758.375
ZZ6Yy2EmZyozSnvksMrXaa,6691.4746
Ubqzkpu5JR8ybnK9RdxXDy,10059.974
eJA62GP3dG4bFupt5rVyE7,9532.664
D4kbN2XviTengGoEpEidVq,5203.353
KegAnSsrPaVQEUfzw38n44,22725.15
cZ3jsUvYGjJrPaRpKtj8ME,19518.137
SaFQVjNuMnr8gkV25zJU6W,21652.342
PuZHQHWhrM7Qes9tBxb55K,7245.2754
CvAQB8af3U3bCPQfSYXQqi,21038.22
7oQqi82JsMpTS8V3BbEFH5,15543.655
8yymtxhgFCCF7osxSURLK2,23621.316
a9zZAd5sYq8db5ETp4rYwG,25811.049
eP9KDwBgAsT7RrrSsFmhVg,10585.074
kLYKtrGosoFqxg4FC9ajeU,42238.02
BkNwwkdnVaRhXWXVfDPEez,12018.305
XAiEv7JmNH3n8FbUdm2g3G,12153.052
BAAsUZpzS7h9h3LPyNFkYn,24139.607
DEE2amGdBxwX5jSGkxrTro,10612.296
aCrNzs5a4LdNQo6sKt3jGU,7672.985
TCy3zUhX4hxvXEGSoKaFkf,31582.938
EFLnwoH2U7jxiPUNrydzwv,30801.621
Tgu6qNAkUjNWgfe2nmv5Nj,10336.679
irdoZ4gLeg6Bda63fTWdok,19985.816
MXSC8vfp7c5uJqeRSd9jkE,9662.323
awvr8xEYshnUZWzYCX2YFz,13825.575
cpsHrJctNRrHXRVc3HZaeQ,24624.697
SxP5ftpzuMn3933F63Gxii,11160.223
fVSV5T8K9TVayH9gxQUp5T,13066.456
GdRAKgRHsmBWAhCqSJHSKP,8688.815
GLDpJVnZF9km242x32BwGE,10448.52
WjCKn9mEWZ8gFCL6pzxrbj,10062.739
XW3F3jEnEqwYYF9mBirocv,14611.029
jANuZKT2fdSab8NEJhqArR,17483.314
Kk3JaPkZwVzmM5cjHUa2ya,8524.383
U5VautxxVTuHi2S38DMLyd,14403.014
EpLtNckrwxoXeykFfNq9Af,14362.087
DfAhyheafVxY3TD9fDWicb,11579.22
BLHjTkjqSosPMQUDnUXTV8,13752.901
jugn2jJpEAkBjr5KfqkedQ,18680.371
bKz8sreEEPoovfi8PKpgG2,9731.942
G3mhbH4GqtRmq7zrdDDzeh,29924.875
RwqzHwVCLzw3FM9dmAsLQA,14316.827
JmhWX9fX6Xu73tXjUAVe65,9335.491
cUGjb3CHVPW6AGsiUjg9YX,9727.93
3kvKqmGGJSGWQXxPZGkACs,18992.062
fWwSjGvH5hYCE4cAsUV7ZV,19171.883
ZwzeAzwuUomyUxjKJfozer,10946.62
Z2QFyfg37jcVBtz7jZrbXr,25626.678
GFmNZRm7nFGY22FaJHngkv,10410.668
K4rBxtAiC4Ga7BnKJmeF2c,13233.607
4TuchW8i8LkjBNMtagw2k6,29150.209
mcjEDGuDRvdNTgvCUxraMK,19271.137
GHsJzUZB2NzqgtHNCLNsUr,11350.379
RMJYmBwXutbfQjc8YHxC3V,17219.898
WUQtXADyf32sy3aJEbU2eF,16626.033
B4JnM8uyoNFavZb3CQUoTm,21813.777
fK8yZGvaty6rVBw6EuGsbm,8319.836
ZeQRACgqE4DjGD39VWsxhq,18641.584
5LbAnBSryYMB9iFdUBu2rJ,43743.914
TSxXJ4QzC6EsP8dxy2rEVo,9181.117
cg9gbBofAq42SYLcyyw5tZ,6035.59
Gigyyaa3Nv4b3e2UfGzaEB,20183.502
LFJoyjfkGNoiekHu5nGPD4,17697.998
nuafpWWPL2aSe7bmn64pP9,9463.398
HcGH4s9TsVWa4vCmZs7GVh,22832.889
FSUf8XoXd6GV4nrrk8Ve83,10521.286
2mxjqnk8b8YsMDiKC3r6fC,14967.729
nGVLRWFq2vkxrSTcuhK4iM,8026.333
mCXdcfV3Y8V7dZG5UujMVv,26171.7
FJmWodUfF6tpLibVzxtmgb,11021.0625
V9brMmiBud6ebVy6f5bDkD,12071.946
WGfwQrAjd8mgSNoaz9e5Fj,9629.811
Y9TThrW5norxaQBkknAboj,16217.7
GcUhDdLu8KzLjSWnzuVmoA,17083.598
6qAQCH5fHkQwrbNRDsS3vt,8015.8516
6oJaYoYdVhhYdBWwA5PoKr,34603.66
WhJQ7ANkGQNNzHeCjsrJC3,21425.758
3SgmWjBGeHXRx5yrntWFDh,10449.832
bHfSZ4fBNSixL3DgjvV6Ko,14132.144
WsewhqNKnGWPRt8Lg9EwdA,9406.955
MaJ2zLmJV3zjDMaMGrheeW,12976.11
czve7yQ3PaPp937HpZ4TZi,20831.139
LPTggBBv2QdNXp8BWxiEi9,16758.14
dgj6qNatJTquBTYcbS62ey,15226.325
AbhmkaYsCFsNeZZ4hZjbbV,4395.6562
LuvP6koJp7Li46kw7Qg5PC,32913.76
Jyo8Jo7mSMdsLvBENhEnrd,11757.775
nwUjFq9KC4jH7LCcY8Vd7r,19129.135
9YcuzaMfCW2DihnC4QDF3M,14368.843
cuYiwmCmiiNK5QgTKgmfQM,10053.009
mX2Y4avaK2K8kdSbuZwGgA,9803.7705
gGdM4PcF99DNsbBzjq67J6,11376.951
boDzpyjeVasphS7YyW6vTi,11583.172
frsPdBP4unxZKzsZ6J9UWr,10550.383
DB2A9WMGekcK2wXnXaykPL,16296.96
ghBBnNq3EtSuRyUp8PvASh,16182.369
SAKCELDmei3Yd4tHMskehw,23281.79
bCVYV6B2uPv7uo3t3rHSHL,14415.395
UmfJ3ShVsAqyGXt4P6aGCu,8970.2
MdMSbaJjvcWLJQBCg5RYp8,10216.8125
MaZSeh6XJ74LZqDFaHN2BA,8752.326
Yevkc779YbqNBUfTXqdpG3,26750.365
gQxwJP2ihboHcu34Qsmzcw,6940.6904
jvUeafm2EgXzapPVHN9zdV,12896.087
m7sN9Du4r3BXdvEyA2pcAT,12635.148
eb6RSZQxcscoLt6Efzpboa,29178.389
cujLRDvvYJsrdor6nieA9m,11772.597
99jdEGUaDZVGrK4BDVD4nc,12993.928
i8Ly7CTZEHtnB6DgQpGXtF,17141.229
kPUMaBLmQiYbVgoaEcdaMZ,17287.125
F8dpnqszaJqRM6CKYkQDFt,13163.769
meLru8M3BQxiTfHnNTkDLv,10965.262
JZUzgKqr89kChLiLAiVoa4,8001.42
XKn9EFWkj8MKQaBz6Pavak,16854.441
meASn8MP4Nsshhrci3e87W,9203.046
HoZP34udjUsmVBhohZMAvy,14967.216
